keyword,link,clicks,impressions,ctr(in %),position
dish tv,https://www.dishtv.in/,127456,465118,27.40,1.93
dish tv recharge,https://www.dishtv.in/pages/Instant-Recharge-Payment.aspx,57787,97759,59.11,1.00
dishtv,https://www.dishtv.in/,55227,119631,46.16,1.38
dish tv recharge plan,https://www.dishtv.in/pages/packs/dish-tv-combos.aspx,34467,63466,54.31,1.00
dish tv,https://www.dishtv.in/pages/login.aspx,28715,430689,6.67,1.63
dish tv login,https://www.dishtv.in/pages/login.aspx,24440,35512,68.82,1.71
dishtv recharge,https://www.dishtv.in/pages/Instant-Recharge-Payment.aspx,23479,34455,68.14,1.00
dish tv recharge,https://www.dishtv.in/pages/diy/recharge-now.aspx,20456,97789,20.92,2.21
dishtv login,https://www.dishtv.in/pages/login.aspx,16210,21245,76.30,1.18
dish tv,https://www.dishtv.in/pages/Instant-Recharge-Payment.aspx,12822,427148,3.00,1.50
dish tv,https://www.dishtv.in/pages/contactus/contact-info.aspx,12333,398985,3.09,1.05
dish tv recharge plans list,https://www.dishtv.in/pages/packs/dish-tv-combos.aspx,12293,30249,40.64,1.01
dishtv,https://www.dishtv.in/pages/login.aspx,10670,114816,9.29,1.33
dish tv customer care number,https://www.dishtv.in/help/default.aspx,10518,277180,3.79,1.16
dish tv channel list,https://www.dishtv.in/channelguide/,10261,22781,45.04,1.54
dishtv recharge,https://www.dishtv.in/pages/diy/recharge-now.aspx,7594,34475,22.03,2.09
my dish tv,https://www.dishtv.in/pages/login.aspx,7322,15060,48.62,1.44
zing super fta box,https://www.dishtv.in/pages/others/landing-pages/zing-super.connection.aspx,7273,33641,21.62,4.22
dish,https://www.dishtv.in/,6640,108314,6.13,4.09
zing super,https://www.dishtv.in/pages/others/landing-pages/zing-super.connection.aspx,6101,15358,39.73,1.84
zing dish tv,https://www.dishtv.in/pages/others/landing-pages/zing-super.connection.aspx,5994,14615,41.01,1.12
dish tv,https://www.dishtv.in/pages/map.aspx,5707,394352,1.45,1.55
www.dishtv.in login,https://www.dishtv.in/pages/login.aspx,5630,8644,65.13,1.00
dish tv recharge plan 3 month,https://www.dishtv.in/pages/packs/dish-tv-combos.aspx,5528,15357,36.00,1.26
dish tv recharge offer,https://www.dishtv.in/pages/Instant-Recharge-Payment.aspx,5224,9405,55.54,1.12
dish tv customer care number,https://www.dishtv.in/pages/contactus/contact-info.aspx,5012,281951,1.78,3.14
dishtv recharge plans,https://www.dishtv.in/pages/packs/dish-tv-combos.aspx,3912,6522,59.98,1.00
zing super,https://www.dishtv.in/Pages/Others/landing-pages/zing-super-campaign.aspx,3670,10817,33.93,1.27
dish tv recharge plan 6 month,https://www.dishtv.in/pages/packs/dish-tv-combos.aspx,3510,9641,36.41,1.01
dth,https://www.dishtv.in/,3362,55753,6.03,2.79
zing digital,https://www.dishtv.in/pages/others/landing-pages/zing-super.connection.aspx,3354,14294,23.46,2.57
dishtv,https://www.dishtv.in/pages/Instant-Recharge-Payment.aspx,3256,110229,2.95,1.18
dish tv plans,https://www.dishtv.in/pages/packs/dish-tv-combos.aspx,3132,9572,32.72,1.79
dish tv channel number list pdf download,https://www.dishtv.in/App_Documents/Document/List-Of-Channels.pdf,2912,5251,55.46,1.00
dish tv recharge plan for 1 year,https://www.dishtv.in/pages/packs/dish-tv-combos.aspx,2911,8509,34.21,1.01
dishtv channel list,https://www.dishtv.in/channelguide/,2753,4893,56.26,1.45
dish tv,https://www.dishtv.in/help/default.aspx,2722,397268,0.69,1.25
dish tv recharge plan 1 month,https://www.dishtv.in/pages/services/all-in-one-active-pack.aspx,2561,25054,10.22,3.20
dish tv recharge,https://www.dishtv.in/pages/packs/dish-tv-combos.aspx,2541,88698,2.86,6.46
dishtv.in,https://www.dishtv.in/,2457,5930,41.43,1.00
dish tv refresh,https://www.dishtv.in/Pages/DIY/Referesh-Your-Account.aspx,2445,3343,73.14,1.00
www.dishtv.in help,https://www.dishtv.in/help/default.aspx,2292,5050,45.39,1.00
dish tv instant recharge,https://www.dishtv.in/pages/Instant-Recharge-Payment.aspx,2249,2793,80.52,1.00
dishtv recharge plan,https://www.dishtv.in/pages/packs/dish-tv-combos.aspx,2221,3419,64.96,1.00
dish tv customer care,https://www.dishtv.in/help/default.aspx,2214,55854,3.96,1.08
dish tv,https://www.dishtv.in/pages/welcome/products.aspx,2197,363734,0.60,1.10
dish tv recharge online,https://www.dishtv.in/pages/Instant-Recharge-Payment.aspx,2180,4401,49.53,1.01
dish tv channel number list,https://www.dishtv.in/channelguide/,2160,21559,10.02,2.82
dth recharge,https://www.dishtv.in/pages/Instant-Recharge-Payment.aspx,2143,28569,7.50,3.89
www.dishtv.in,https://www.dishtv.in/,2132,6749,31.59,1.00
dish tv recharge plan,https://www.dishtv.in/pages/packs/single-channel-packages.aspx,2033,63146,3.22,4.55
my dish tv login,https://www.dishtv.in/pages/login.aspx,2033,2744,74.09,1.15
dishtv,https://www.dishtv.in/pages/contactus/contact-info.aspx,1956,109093,1.79,1.12
dish tv recharge offer,https://www.dishtv.in/pages/packs/dish-tv-combos.aspx,1947,9403,20.71,2.51
dish tv new connection,https://www.dishtv.in/pages/welcome/products.aspx,1915,13006,14.72,1.10
dish tv recharge plan 3 month,https://www.dishtv.in/pages/Instant-Recharge-Payment.aspx,1888,15355,12.30,2.83
www.dishtv.in complaint,https://www.dishtv.in/Pages/DIY/Complaint-Request-Status-Tracker.aspx,1788,3773,47.39,1.05
dishtv,https://www.dishtv.in/pages/map.aspx,1683,95903,1.75,1.18
zing dish tv,https://www.dishtv.in/Pages/Others/landing-pages/zing-super-campaign.aspx,1667,3876,43.01,1.10
dishtv customer care,https://www.dishtv.in/help/default.aspx,1655,32666,5.07,1.12
dishtv refresh,https://www.dishtv.in/Pages/DIY/Referesh-Your-Account.aspx,1644,2078,79.11,1.00
zing super fta box,https://www.dishtv.in/Pages/Others/landing-pages/zing-super-campaign.aspx,1600,8024,19.94,3.01
dish tv packages,https://www.dishtv.in/pages/packs/dish-tv-combos.aspx,1598,6348,25.17,5.19
dish tv recharge plans list 12 months,https://www.dishtv.in/pages/packs/dish-tv-combos.aspx,1504,4167,36.09,1.00
dish tv remote,https://www.dishtv.in/pages/offers/universal-remote.aspx,1501,19638,7.64,2.10
dish tv offer,https://www.dishtv.in/pages/packs/dish-tv-combos.aspx,1457,5439,26.79,1.18
distv,https://www.dishtv.in/,1431,4072,35.14,1.19
dish tv recharge,https://www.dishtv.in/hi-in/pages/Instant-Recharge-Payment.aspx,1428,81125,1.76,5.05
dish tv sports channel number,https://www.dishtv.in/channelguide/top-sports.aspx,1407,4407,31.93,1.63
dishtv.in login,https://www.dishtv.in/pages/login.aspx,1395,1775,78.59,1.00
dish tv part time job,https://www.dishtv.in/pages/others/dishtv-freelance-jobs.aspx,1373,1591,86.30,1.00
dishtv part time job,https://www.dishtv.in/pages/others/dishtv-freelance-jobs.aspx,1342,1515,88.58,1.01
zing super fta box 4 year free,https://www.dishtv.in/pages/others/landing-pages/zing-super.connection.aspx,1256,11336,11.08,5.38
dish tv customer care,https://www.dishtv.in/pages/contactus/contact-info.aspx,1219,56692,2.15,3.10
dish tv online recharge,https://www.dishtv.in/pages/Instant-Recharge-Payment.aspx,1219,1999,60.98,1.00
dish tv recharge plan,https://www.dishtv.in/pages/Instant-Recharge-Payment.aspx,1175,54460,2.16,6.44
dish tv customer care no,https://www.dishtv.in/help/default.aspx,1144,32530,3.52,1.16
dishtv instant recharge,https://www.dishtv.in/pages/Instant-Recharge-Payment.aspx,1126,1351,83.35,1.00
dish tv recharge plan 3 month with channel list,https://www.dishtv.in/pages/packs/dish-tv-combos.aspx,1098,3504,31.34,1.01
dish tv plan,https://www.dishtv.in/pages/packs/dish-tv-combos.aspx,1096,3380,32.43,1.05
my dishtv,https://www.dishtv.in/pages/login.aspx,1067,1807,59.05,1.07
zing super fta box official website,https://www.dishtv.in/pages/others/landing-pages/zing-super.connection.aspx,1058,2433,43.49,1.70
my dish tv,https://www.dishtv.in/pages/welcome/jpmilesmember.aspx,1047,13858,7.56,2.77
dish tv recharge plans,https://www.dishtv.in/pages/packs/dish-tv-combos.aspx,1045,1735,60.23,1.00
zinc super,https://www.dishtv.in/pages/others/landing-pages/zing-super.connection.aspx,1041,2942,35.38,1.96
dish tv channel number list pdf download,https://www.dishtv.in/App_Documents/Document/channel-list.pdf,1020,5246,19.44,2.09
zing digital,https://www.dishtv.in/Pages/Others/landing-pages/zing-super-campaign.aspx,1019,4373,23.30,2.40
recharge dish tv,https://www.dishtv.in/pages/Instant-Recharge-Payment.aspx,990,2022,48.96,1.00
dishtv customer care number,https://www.dishtv.in/help/default.aspx,977,20076,4.87,1.03
dish,https://www.dishtv.in/pages/login.aspx,962,85960,1.12,2.36
dish tv 1 year plan channel list,https://www.dishtv.in/pages/packs/single-channel-packages.aspx,961,3828,25.10,1.01
dish recharge,https://www.dishtv.in/pages/Instant-Recharge-Payment.aspx,934,2283,40.91,1.00
dishtv recharge online,https://www.dishtv.in/pages/Instant-Recharge-Payment.aspx,920,1541,59.70,1.00
dishtv customer care,https://www.dishtv.in/pages/contactus/contact-info.aspx,917,33151,2.77,3.07
dish tv new connection,https://www.dishtv.in/pages/others/landing-pages/dth-hd-set-top-box-750-offer.aspx,916,13438,6.82,3.63
www dishtv in,https://www.dishtv.in/,908,3751,24.21,1.00
dish tv channel,https://www.dishtv.in/channelguide/,903,3439,26.26,1.32
dish tv recharge online,https://www.dishtv.in/pages/diy/recharge-now.aspx,889,4407,20.17,2.11
dish tv channel list,https://www.dishtv.in/App_Documents/Document/channel-list.pdf,887,21959,4.04,5.60
dish tv free channel list without recharge,https://www.dishtv.in/App_Documents/Document/List-of-bouquets-of-FTA.pdf,870,2711,32.09,1.22
dish tv customer care number,https://www.dishtv.in/pages/diy/dealer.aspx,866,67180,1.29,6.01
dish tv smart plus,https://www.dishtv.in/pages/dishsmartplus-eligibility.aspx,836,2130,39.25,1.05
dish tv recharge plans list,https://www.dishtv.in/pages/packs/single-channel-packages.aspx,823,30232,2.72,4.40
dish tv zing,https://www.dishtv.in/pages/others/landing-pages/zing-super.connection.aspx,787,1530,51.44,1.01
dish tv app,https://www.dishtv.in/quick-recharge-through-dishtv-app.aspx,773,3663,21.10,2.82
dish tv call me,https://www.dishtv.in/Pages/DIY/Click-to-Call.aspx,752,4479,16.79,1.29
dish tv recharge plan 1 month,https://www.dishtv.in/pages/packs/dish-tv-combos.aspx,751,24785,3.03,5.21
dish tv customer care number,https://www.dishtv.in/hi-in/pages/contactus/contact-info.aspx,746,176029,0.42,4.89
dish tv recharge plan,https://www.dishtv.in/pages/services/all-in-one-active-pack.aspx,745,55339,1.35,7.26
dish tv set top box,https://www.dishtv.in/pages/welcome/products.aspx,744,5921,12.57,1.28
dish login,https://www.dishtv.in/pages/login.aspx,741,16135,4.59,4.78
my dish tv app,https://www.dishtv.in/quick-recharge-through-dishtv-app.aspx,741,3088,24.00,2.12
dish tv channel number list,https://www.dishtv.in/App_Documents/Document/channel-list.pdf,733,21407,3.42,4.81
dish smart hub,https://www.dishtv.in/pages/accessories/dishsmrt-hub.aspx,721,2231,32.32,1.85
dish tv india,https://www.dishtv.in/,713,2705,26.36,1.00
dish tv price,https://www.dishtv.in/pages/welcome/products.aspx,711,14287,4.98,2.79
dish tv channel list with price,https://www.dishtv.in/pages/packs/single-channel-packages.aspx,705,2307,30.56,1.07
dishtv plans,https://www.dishtv.in/pages/packs/dish-tv-combos.aspx,705,1697,41.54,1.03
dish tv package,https://www.dishtv.in/pages/packs/dish-tv-combos.aspx,698,2912,23.97,3.04
airtel dth customer care number,https://www.dishtv.in/help/default.aspx,689,10073,6.84,2.08
dish tv star sports channel number,https://www.dishtv.in/channelguide/top-sports.aspx,683,7967,8.57,2.54
www.dishtv.in,https://www.dishtv.in/pages/login.aspx,679,6366,10.67,1.00
dth customer care number,https://www.dishtv.in/help/default.aspx,675,20888,3.23,2.91
dish tv.in,https://www.dishtv.in/,649,1660,39.10,1.00
dish tv smart hub,https://www.dishtv.in/pages/accessories/dishsmrt-hub.aspx,648,1952,33.20,1.00
dish tv recharge offers,https://www.dishtv.in/pages/packs/dish-tv-combos.aspx,645,1562,41.29,1.14
dish tv login my account,https://www.dishtv.in/pages/login.aspx,620,944,65.68,1.50
my dish tv app,https://www.dishtv.in/pages/login.aspx,616,3166,19.46,3.22
mydishtv,https://www.dishtv.in/,616,1199,51.38,1.90
mydish tv login,https://www.dishtv.in/pages/login.aspx,611,725,84.28,1.07
dish tv customer care no,https://www.dishtv.in/pages/contactus/contact-info.aspx,609,32797,1.86,3.13
dish tv ipl channel number,https://www.dishtv.in/channelguide/top-sports.aspx,605,5039,12.01,2.45
dishtv recharge,https://www.dishtv.in/pages/packs/dish-tv-combos.aspx,590,23949,2.46,5.95
dish tv channel selection,https://www.dishtv.in/pages/map.aspx,587,2083,28.18,1.15
dish tv whatsapp number,https://www.dishtv.in/pages/contactus/contact-info.aspx,574,1372,41.84,1.00
dish tv hd recharge plan,https://www.dishtv.in/pages/packs/dish-tv-combos.aspx,564,1048,53.82,1.00
dish tv cartoon channel number,https://www.dishtv.in/Pages/Services/Cartoon-Network-Active-Services.aspx,560,4608,12.15,2.77
dish tv recharge plan 6 month with channel list,https://www.dishtv.in/pages/packs/dish-tv-combos.aspx,549,1928,28.48,1.41
dish tv login,https://www.dishtv.in/pages/welcome/jpmilesmember.aspx,548,24116,2.27,4.85
dish tv zing super fta box,https://www.dishtv.in/pages/others/landing-pages/zing-super.connection.aspx,543,1188,45.71,1.24
www.dishtv.in recharge offers,https://www.dishtv.in/pages/Instant-Recharge-Payment.aspx,543,1420,38.24,1.16
zing set top box,https://www.dishtv.in/pages/others/landing-pages/zing-super.connection.aspx,543,7582,7.16,8.60
dish tv recharge login,https://www.dishtv.in/pages/login.aspx,536,892,60.09,1.00
instant recharge dish tv,https://www.dishtv.in/pages/Instant-Recharge-Payment.aspx,531,627,84.69,1.00
dish tv customer care number kolkata,https://www.dishtv.in/pages/contactus/contact-info.aspx,530,3018,17.56,1.07
d2h customer care number,https://www.dishtv.in/help/default.aspx,528,11523,4.58,5.18
dish tv offers,https://www.dishtv.in/pages/packs/dish-tv-combos.aspx,521,2152,24.21,2.75
dishtv recharge,https://www.dishtv.in/hi-in/pages/Instant-Recharge-Payment.aspx,514,29231,1.76,4.04
dish tv new connection price,https://www.dishtv.in/pages/welcome/products.aspx,510,4830,10.56,1.28
free dish tv ipl channel,https://www.dishtv.in/channelguide/top-sports.aspx,497,8196,6.06,3.84
dish tv channel list pdf,https://www.dishtv.in/App_Documents/Document/List-Of-Channels.pdf,493,838,58.83,1.12
dishtv online recharge,https://www.dishtv.in/pages/Instant-Recharge-Payment.aspx,490,700,70.00,1.00
dishtv,https://www.dishtv.in/help/default.aspx,482,96545,0.50,1.02
mydish tv,https://www.dishtv.in/pages/login.aspx,481,686,70.12,1.50
dishtv. in,https://www.dishtv.in/,480,1512,31.75,1.00
www.dishtv.in login,https://www.dishtv.in/pages/sociallogin.aspx,478,6537,7.31,1.06
dish tv login,https://www.dishtv.in/pages/sociallogin.aspx,477,22591,2.11,1.29
dth connection,https://www.dishtv.in/pages/welcome/products.aspx,476,11068,4.30,3.84
dish tv login,https://www.dishtv.in/hi-in/pages/login.aspx,475,28120,1.69,2.39
pogo channel number in dish tv,https://www.dishtv.in/pages/others/lcn-update.aspx,473,1796,26.34,1.09
dishtv smart plus,https://www.dishtv.in/pages/dishsmartplus-eligibility.aspx,468,721,64.91,1.20
dish tv customer service,https://www.dishtv.in/help/default.aspx,466,5774,8.07,1.31
dishtv in,https://www.dishtv.in/,463,1369,33.82,1.00
dish tv pack,https://www.dishtv.in/pages/packs/dish-tv-combos.aspx,462,1371,33.70,1.10
dishtv customer care number,https://www.dishtv.in/pages/contactus/contact-info.aspx,462,20638,2.24,3.07
dish tv recharge plan 6 month for 1 year,https://www.dishtv.in/pages/packs/dish-tv-combos.aspx,459,1384,33.16,1.01
dish tv complaint number,https://www.dishtv.in/help/default.aspx,458,3382,13.54,1.06
dishtv remote,https://www.dishtv.in/pages/offers/universal-remote.aspx,457,3453,13.23,1.26
dishtv.in,https://www.dishtv.in/pages/login.aspx,457,5604,8.15,1.00
dish tv contact number,https://www.dishtv.in/help/default.aspx,453,5821,7.78,1.59
dish tv recharge plans list,https://www.dishtv.in/pages/services/all-in-one-active-pack.aspx,450,23745,1.90,6.76
dishtv,https://www.dishtv.in/pages/welcome/products.aspx,450,99702,0.45,1.08
zinc super,https://www.dishtv.in/Pages/Others/landing-pages/zing-super-campaign.aspx,441,1342,32.86,2.40
डिश टीवी,https://www.dishtv.in/hi-in/,440,5458,8.06,1.18
zing super dish tv,https://www.dishtv.in/pages/others/landing-pages/zing-super.connection.aspx,434,922,47.07,1.09
airtel dish tv customer care number,https://www.dishtv.in/help/default.aspx,431,34571,1.25,7.23
dish tv toll free customer care number,https://www.dishtv.in/pages/contactus/contact-info.aspx,429,3962,10.83,1.11
free dish tv,https://www.dishtv.in/pages/packs/basic-service-tier-packs.aspx,428,8853,4.83,5.44
dish,https://www.dishtv.in/pages/Instant-Recharge-Payment.aspx,424,79498,0.53,1.70
online dish tv recharge,https://www.dishtv.in/pages/Instant-Recharge-Payment.aspx,418,1019,41.02,1.00
www.dishtv.in recharge,https://www.dishtv.in/pages/Instant-Recharge-Payment.aspx,416,753,55.25,1.00
instant dish tv recharge,https://www.dishtv.in/pages/Instant-Recharge-Payment.aspx,405,466,86.91,1.00
my dish tv recharge,https://www.dishtv.in/pages/Instant-Recharge-Payment.aspx,404,862,46.87,1.00
dish tv pogo channel number,https://www.dishtv.in/pages/others/lcn-update.aspx,403,1268,31.78,1.04
dis tv,https://www.dishtv.in/,402,3016,13.33,3.10
dishtv.in recharge,https://www.dishtv.in/pages/Instant-Recharge-Payment.aspx,402,813,49.45,1.00
dish tv.in login,https://www.dishtv.in/pages/login.aspx,401,523,76.67,1.00
dishtv customer care no,https://www.dishtv.in/help/default.aspx,401,6961,5.76,1.52
dish tv toll free number,https://www.dishtv.in/help/default.aspx,399,8472,4.71,2.69
dish tv tamil channel list,https://www.dishtv.in/pages/others/lcn-update.aspx,397,919,43.20,1.63
dish tv monthly pack,https://www.dishtv.in/pages/packs/dish-tv-combos.aspx,393,1200,32.75,1.02
dish tv online recharge,https://www.dishtv.in/pages/diy/recharge-now.aspx,388,2001,19.39,2.13
dish tv new connection offer for 6 months,https://www.dishtv.in/pages/others/hsm-new-campaign-structure/new-dishtv-hd-connection.aspx,386,2160,17.87,1.79
dish tv price,https://www.dishtv.in/pages/others/landing-pages/dth-hd-set-top-box-750-offer.aspx,384,14006,2.74,4.24
zing super set top box,https://www.dishtv.in/pages/others/landing-pages/zing-super.connection.aspx,384,2391,16.06,4.59
dishtv login,https://www.dishtv.in/pages/sociallogin.aspx,382,15059,2.54,1.19
zing fta box,https://www.dishtv.in/pages/others/landing-pages/zing-super.connection.aspx,382,1161,32.90,3.50
dishtv.com login,https://www.dishtv.in/pages/login.aspx,381,674,56.53,1.60
dish tv channel selection,https://www.dishtv.in/pages/packs/single-channel-packages.aspx,378,2096,18.03,2.33
dishtv.com,https://www.dishtv.in/,376,1991,18.88,2.66
dish tv telugu channel number,https://www.dishtv.in/pages/others/lcn-update.aspx,375,1543,24.30,2.02
www.dishtv.com login,https://www.dishtv.in/pages/login.aspx,372,1017,36.58,1.82
dish tv recharge offers,https://www.dishtv.in/pages/Instant-Recharge-Payment.aspx,371,1561,23.77,2.57
dish tv recharge plan 6 month kannada pack,https://www.dishtv.in/pages/packs/dish-tv-combos.aspx,371,1410,26.31,1.84
dth recharge plans,https://www.dishtv.in/pages/packs/dish-tv-combos.aspx,370,6911,5.35,4.44
dish tv app,https://www.dishtv.in/pages/login.aspx,369,3449,10.70,3.90
डिश टीवी रिचार्ज प्लान,https://www.dishtv.in/hi-in/pages/packs/dth-channels-add-on-packs.aspx,367,3647,10.06,2.39
www.dishtv.in help,https://www.dishtv.in/pages/contactus/contact-info.aspx,366,5050,7.25,3.04
recharge dish tv,https://www.dishtv.in/pages/diy/recharge-now.aspx,365,2023,18.04,2.07
dstv customer care number,https://www.dishtv.in/help/default.aspx,361,1101,32.79,1.59
dish tv channel number,https://www.dishtv.in/channelguide/,356,1704,20.89,1.67
dish tv balance check,https://www.dishtv.in/pages/diy/know-your-acc-balance.aspx,355,506,70.16,1.02
dish tv remote control,https://www.dishtv.in/pages/offers/universal-remote.aspx,355,2304,15.41,2.22
dish tv customer care number kolkata,https://www.dishtv.in/help/default.aspx,353,3051,11.57,2.81
dish tv helpline number,https://www.dishtv.in/help/default.aspx,352,9080,3.88,1.17
dishtv part time job,https://www.dishtv.in/Pages/Others/Dishtv-freelance-jobs.aspx,351,418,83.97,1.00
www.dish tv.in login,https://www.dishtv.in/pages/login.aspx,350,526,66.54,1.00
dish recharge,https://www.dishtv.in/pages/diy/recharge-now.aspx,349,2284,15.28,2.15
dish tv recharge offer for 12 months,https://www.dishtv.in/pages/packs/dish-tv-combos.aspx,349,824,42.35,1.11
videocon d2h customer care number,https://www.dishtv.in/help/default.aspx,349,5648,6.18,2.07
zing dish,https://www.dishtv.in/pages/others/landing-pages/zing-super.connection.aspx,347,1125,30.84,1.86
dish tv android box,https://www.dishtv.in/pages/accessories/dishsmrt-hub.aspx,346,1114,31.06,1.06
dish tv d2h recharge plan,https://www.dishtv.in/pages/packs/dish-tv-combos.aspx,343,716,47.91,1.24
zing dish tv channel list pdf,https://www.dishtv.in/App_Documents/Document/channel-list.pdf,343,1282,26.76,2.73
my dish,https://www.dishtv.in/pages/login.aspx,340,1826,18.62,9.76
dish tv remote,https://www.dishtv.in/pages/diy/remote-functionality.aspx,339,19146,1.77,4.40
dishtv sports channel number,https://www.dishtv.in/channelguide/top-sports.aspx,339,752,45.08,1.25
dish tv customer care number,https://www.dishtv.in/kn-in/help/,338,30093,1.12,8.86
dish tv recharge plan 1 month,https://www.dishtv.in/pages/Instant-Recharge-Payment.aspx,338,20608,1.64,6.38
dish tv set top box replacement price,https://www.dishtv.in/pages/upgrade/box-upgrade.aspx,338,1474,22.93,1.02
dish tv customer care,https://www.dishtv.in/hi-in/pages/contactus/contact-info.aspx,337,50752,0.66,4.21
www.dristv.com,https://www.dishtv.in/,337,752,44.81,1.02
dish tv log in,https://www.dishtv.in/pages/login.aspx,335,565,59.29,2.01
dishtv recharge online,https://www.dishtv.in/pages/diy/recharge-now.aspx,335,1542,21.73,2.07
dishtv recharge offer,https://www.dishtv.in/pages/Instant-Recharge-Payment.aspx,332,589,56.37,1.11
dish tv set top box price,https://www.dishtv.in/pages/welcome/products.aspx,331,4157,7.96,2.00
www.dishtv.in complaint,https://www.dishtv.in/pages/contactus/contact-info.aspx,327,3764,8.69,3.14
dishtv recharge offers,https://www.dishtv.in/pages/packs/dish-tv-combos.aspx,326,726,44.90,1.03
dish tv packages,https://www.dishtv.in/pages/packs/single-channel-packages.aspx,324,5688,5.70,7.89
dish tv recharge pack,https://www.dishtv.in/pages/packs/dish-tv-combos.aspx,324,1413,22.93,1.00
star sports channel number in dish tv,https://www.dishtv.in/channelguide/top-sports.aspx,322,4501,7.15,2.62
zing dth,https://www.dishtv.in/pages/others/landing-pages/zing-super.connection.aspx,322,1661,19.39,4.87
www.dishtv.in,https://www.dishtv.in/help/default.aspx,321,6432,4.99,1.00
airtel dth customer care,https://www.dishtv.in/help/default.aspx,318,5697,5.58,2.09
dish tv customer care number of twenty four hours,https://www.dishtv.in/help/default.aspx,318,2737,11.62,1.03
dish tv customer care number,https://www.dishtv.in/hi-in/help/,317,47434,0.67,6.91
www dishtv in,https://www.dishtv.in/pages/login.aspx,314,3513,8.94,1.00
dish tv zing box,https://www.dishtv.in/pages/others/landing-pages/zing-super.connection.aspx,313,633,49.45,1.08
dishtv packs,https://www.dishtv.in/pages/packs/dish-tv-combos.aspx,313,722,43.35,1.01
dishtv india,https://www.dishtv.in/,312,623,50.08,1.00
dish tv packs,https://www.dishtv.in/pages/packs/dish-tv-combos.aspx,305,848,35.97,1.14
dish tv motu patlu channel number,https://www.dishtv.in/Pages/Services/Cartoon-Network-Active-Services.aspx,304,1694,17.95,1.02
my dish tv,https://www.dishtv.in/,304,12631,2.41,4.50
zing super fta,https://www.dishtv.in/pages/others/landing-pages/zing-super.connection.aspx,302,763,39.58,2.82
dish tv recharge,https://www.dishtv.in/,301,23953,1.26,10.50
dishtv offers,https://www.dishtv.in/pages/offers/india-offers.aspx,301,1360,22.13,1.50
dish tv part time job,https://www.dishtv.in/Pages/Others/Dishtv-freelance-jobs.aspx,300,414,72.46,1.00
dish tv new connection offer for 12 months,https://www.dishtv.in/pages/welcome/products.aspx,299,3205,9.33,1.74
zing super fta box channel list,https://www.dishtv.in/pages/others/landing-pages/zing-super.connection.aspx,296,6355,4.66,9.20
dish recharge plan,https://www.dishtv.in/pages/packs/dish-tv-combos.aspx,295,824,35.80,1.01
dish tv recharge plan for 1 year,https://www.dishtv.in/pages/Instant-Recharge-Payment.aspx,295,7160,4.12,6.02
dish tv jio cinema channel number,https://www.dishtv.in/App_Documents/Document/channel-list.pdf,293,741,39.54,1.00
dish tv channel number list,https://www.dishtv.in/pages/others/lcn-update.aspx,287,19944,1.44,4.22
dishtv recharge plans,https://www.dishtv.in/pages/packs/single-channel-packages.aspx,286,6474,4.42,4.13
dishtv new connection,https://www.dishtv.in/pages/welcome/products.aspx,285,1695,16.81,1.06
set top box,https://www.dishtv.in/pages/welcome/products.aspx,282,24731,1.14,9.21
tv customer care number,https://www.dishtv.in/help/default.aspx,282,2184,12.91,1.10
dish customer care number,https://www.dishtv.in/help/default.aspx,281,3124,8.99,1.41
my dish tv,https://www.dishtv.in/pages/map.aspx,278,13941,1.99,1.54
www.dishtv.in login my account,https://www.dishtv.in/pages/login.aspx,278,424,65.57,1.00
dishtv login,https://www.dishtv.in/pages/welcome/jpmilesmember.aspx,277,18428,1.50,5.08
dish tv hd set top box exchange offer 599,https://www.dishtv.in/Pages/Product/HD-upgrade.aspx,275,1024,26.86,1.00
dish tv 100 rs recharge validity,https://www.dishtv.in/pages/makemypack/my-budget.aspx,273,938,29.10,1.03
dish tv new connection,https://www.dishtv.in/pages/others/hsm-new-campaign-structure/new-dishtv-hd-connection.aspx,273,13259,2.06,5.95
dish tv set top box price without dish,https://www.dishtv.in/pages/welcome/products.aspx,271,1623,16.70,1.03
dish tv sports channel number list,https://www.dishtv.in/channelguide/top-sports.aspx,271,2054,13.19,2.24
dishtv.login,https://www.dishtv.in/pages/login.aspx,271,345,78.55,1.03
dish nxt recharge,https://www.dishtv.in/pages/Instant-Recharge-Payment.aspx,270,489,55.21,1.00
dish tv channel list,https://www.dishtv.in/pages/packs/single-channel-packages.aspx,270,21482,1.26,7.14
dish tv recharge,https://www.dishtv.in/pages/ora-subscriptions.aspx,264,51584,0.51,6.45
dish tv toll free customer care number,https://www.dishtv.in/help/default.aspx,264,4044,6.53,2.92
refresh dish tv,https://www.dishtv.in/Pages/DIY/Referesh-Your-Account.aspx,264,401,65.84,1.00
dish tv yearly recharge plan,https://www.dishtv.in/pages/packs/dish-tv-combos.aspx,263,551,47.73,1.01
dish tv cartoon channel number list,https://www.dishtv.in/Pages/Services/Cartoon-Network-Active-Services.aspx,262,940,27.87,1.50
new dish tv connection,https://www.dishtv.in/pages/welcome/products.aspx,261,2247,11.62,1.08
dishtv recharge offers 2024,https://www.dishtv.in/pages/packs/dish-tv-combos.aspx,259,507,51.08,1.63
www.dishtv recharge,https://www.dishtv.in/pages/Instant-Recharge-Payment.aspx,259,511,50.68,1.00
dish tv connection,https://www.dishtv.in/pages/welcome/products.aspx,257,2337,11.00,1.19
sun direct customer care number,https://www.dishtv.in/help/default.aspx,256,4438,5.77,2.29
www.dishtv.in recharge offers,https://www.dishtv.in/pages/packs/dish-tv-combos.aspx,256,1423,17.99,2.88
dish tv guide,https://www.dishtv.in/channelguide/,254,656,38.72,13.85
dish tv new connection offer for 12 months,https://www.dishtv.in/pages/others/hsm-new-campaign-structure/new-dishtv-hd-connection.aspx,254,3237,7.85,3.64
dish tv plans,https://www.dishtv.in/pages/packs/single-channel-packages.aspx,254,8811,2.88,5.56
dishtv channel selection,https://www.dishtv.in/pages/map.aspx,251,430,58.37,1.07
dish tv recharge plan 6 month,https://www.dishtv.in/pages/Instant-Recharge-Payment.aspx,250,9629,2.60,5.36
dishtv login – my account,https://www.dishtv.in/pages/login.aspx,250,278,89.93,1.00
dish tv login,https://www.dishtv.in/pages/map.aspx,249,27865,0.89,1.30
zing dish tv customer care number,https://www.dishtv.in/pages/contactus/contact-info.aspx,244,1972,12.37,1.08
www.dishtv.in complaint,https://www.dishtv.in/help/default.aspx,242,3758,6.44,3.61
dish,https://www.dishtv.in/pages/map.aspx,239,79259,0.30,1.91
dish tv recharge plan 1 month with channel list,https://www.dishtv.in/pages/services/all-in-one-active-pack.aspx,239,3330,7.18,3.55
dish tv live cricket match channel no free,https://www.dishtv.in/channelguide/top-sports.aspx,238,1067,22.31,1.00
dish tv refresh online,https://www.dishtv.in/Pages/DIY/Referesh-Your-Account.aspx,238,446,53.36,1.00
distv,https://www.dishtv.in/pages/login.aspx,238,3941,6.04,1.20
mydish,https://www.dishtv.in/pages/login.aspx,238,962,24.74,12.06
dishtv channel list,https://www.dishtv.in/App_Documents/Document/channel-list.pdf,237,4628,5.12,4.48
dishtv new connection,https://www.dishtv.in/pages/others/landing-pages/dth-hd-set-top-box-750-offer.aspx,237,1741,13.61,2.45
dist tv,https://www.dishtv.in/,236,705,33.48,1.16
dish tv customer care number telugu,https://www.dishtv.in/pages/contactus/contact-info.aspx,235,1447,16.24,1.03
dish tv my account,https://www.dishtv.in/pages/login.aspx,233,408,57.11,1.87
dish tv quick recharge,https://www.dishtv.in/pages/Instant-Recharge-Payment.aspx,233,290,80.34,1.01
zing set top box,https://www.dishtv.in/Pages/Others/landing-pages/zing-super-campaign.aspx,233,2982,7.81,9.69
एयरटेल डिश टीवी कस्टमर केयर नंबर,https://www.dishtv.in/hi-in/help/,233,1735,13.43,1.04
dish tv dth,https://www.dishtv.in/,232,940,24.68,1.00
dishtv zing,https://www.dishtv.in/pages/others/landing-pages/zing-super.connection.aspx,232,401,57.86,1.01
dish tv free channel list without recharge,https://www.dishtv.in/pages/packs/basic-service-tier-packs.aspx,230,2705,8.50,3.36
dish tv customer care email id,https://www.dishtv.in/pages/contactus/contact-info.aspx,229,557,41.11,1.03
dish tv packages and prices,https://www.dishtv.in/pages/packs/dish-tv-combos.aspx,229,1099,20.84,4.53
dish tv aaj tak channel number,https://www.dishtv.in/channelguide/,228,1152,19.79,2.30
www dish tv,https://www.dishtv.in/,226,1001,22.58,1.19
www.dishtv.in login,https://www.dishtv.in/pages/welcome/jpmilesmember.aspx,225,6838,3.29,3.57
dish tv website,https://www.dishtv.in/,223,870,25.63,1.32
colors cineplex dish tv channel number,https://www.dishtv.in/channelguide/,221,602,36.71,1.08
zing super fta box official website,https://www.dishtv.in/Pages/Others/landing-pages/zing-super-campaign.aspx,221,648,34.10,1.48
dish tv work from home,https://www.dishtv.in/Pages/Others/Dishtv-freelance-jobs.aspx,219,306,71.57,1.05
tata sky customer care number,https://www.dishtv.in/pages/contactus/contact-info.aspx,219,3560,6.15,2.33
dish tv 3 month plan,https://www.dishtv.in/pages/packs/dish-tv-combos.aspx,218,484,45.04,1.10
dish tv customer service,https://www.dishtv.in/pages/contactus/contact-info.aspx,218,5845,3.73,3.16
dishtv recharge offers,https://www.dishtv.in/pages/Instant-Recharge-Payment.aspx,218,726,30.03,2.34
zing super fta box hd,https://www.dishtv.in/pages/others/landing-pages/zing-super.connection.aspx,217,1918,11.31,6.28
dish tv channel add,https://www.dishtv.in/pages/packs/dth-channels-add-on-packs.aspx,216,487,44.35,1.00
www.dishtv.in login,https://www.dishtv.in/hi-in/pages/login.aspx,216,8340,2.59,2.27
dish tv live,https://www.dishtv.in/channelguide/top-tv-shows.aspx,215,1026,20.96,1.91
dish tv number,https://www.dishtv.in/help/default.aspx,214,4495,4.76,2.71
dishtv login,https://www.dishtv.in/pages/map.aspx,214,19148,1.12,1.40
dishtv. com,https://www.dishtv.in/,214,301,71.10,1.03
dish tv remote online,https://www.dishtv.in/pages/offers/universal-remote.aspx,211,937,22.52,1.93
dth customer care,https://www.dishtv.in/help/default.aspx,211,3300,6.39,3.32
www.dishtv.in,https://www.dishtv.in/pages/Instant-Recharge-Payment.aspx,211,6527,3.23,1.00
zing digital,https://www.dishtv.in/pages/sociallogin.aspx,211,8042,2.62,6.08
dish tv new connection price,https://www.dishtv.in/pages/others/landing-pages/dth-hd-set-top-box-750-offer.aspx,210,4843,4.34,4.37
star utsav movies channel number on dish tv,https://www.dishtv.in/channelguide/,210,1214,17.30,2.43
dish tv recharge plans list 12 months,https://www.dishtv.in/pages/Instant-Recharge-Payment.aspx,209,4130,5.06,4.93
distv recharge,https://www.dishtv.in/pages/Instant-Recharge-Payment.aspx,209,348,60.06,1.00
dth new connection,https://www.dishtv.in/pages/welcome/products.aspx,209,5635,3.71,4.17
zing super 2 in 1,https://www.dishtv.in/Pages/Others/landing-pages/zing-super-campaign.aspx,209,664,31.48,1.05
dish tv plans 2024,https://www.dishtv.in/pages/packs/dish-tv-combos.aspx,208,499,41.68,1.26
disht,https://www.dishtv.in/,207,882,23.47,1.65
my dish tv app login,https://www.dishtv.in/pages/login.aspx,207,391,52.94,1.02
dish tv free channel,https://www.dishtv.in/pages/packs/basic-service-tier-packs.aspx,206,675,30.52,1.07
dish tv zing set top box,https://www.dishtv.in/pages/others/landing-pages/zing-super.connection.aspx,206,516,39.92,1.48
dishtv app,https://www.dishtv.in/quick-recharge-through-dishtv-app.aspx,206,770,26.75,1.94
dishtv login,https://www.dishtv.in/hi-in/pages/login.aspx,205,18338,1.12,2.28
dish tv recharge plans list 12 months,https://www.dishtv.in/pages/packs/single-channel-packages.aspx,203,4159,4.88,4.29
diahtv,https://www.dishtv.in/,202,369,54.74,1.05
my dishtv login,https://www.dishtv.in/pages/login.aspx,202,262,77.10,1.02
www dishtv in login recharge,https://www.dishtv.in/pages/login.aspx,202,510,39.61,1.00
dish tv add channel,https://www.dishtv.in/pages/packs/dth-channels-add-on-packs.aspx,201,440,45.68,1.18
my dish tv recharge plan,https://www.dishtv.in/pages/packs/dish-tv-combos.aspx,201,383,52.48,1.02
sony wah channel number on dish tv,https://www.dishtv.in/channelguide/,201,500,40.20,1.01
dish tv 3 month recharge offer,https://www.dishtv.in/pages/Instant-Recharge-Payment.aspx,200,342,58.48,1.00
dish tv recharge plan 6 month price,https://www.dishtv.in/pages/packs/dish-tv-combos.aspx,200,973,20.55,2.34
zing super fta box dealers near me,https://www.dishtv.in/dth-dealers.aspx,199,629,31.64,1.52
dish next recharge,https://www.dishtv.in/pages/diy/know-your-acc-balance.aspx,197,418,47.13,1.06
dish tv app download,https://www.dishtv.in/quick-recharge-through-dishtv-app.aspx,197,915,21.53,2.14
dish tv colors cineplex channel number,https://www.dishtv.in/channelguide/,196,511,38.36,1.00
www.dishtv.in,https://www.dishtv.in/pages/contactus/contact-info.aspx,195,6535,2.98,1.00
dish tv live cricket match channel no.,https://www.dishtv.in/channelguide/top-sports.aspx,194,3833,5.06,2.75
sports channel in dish tv,https://www.dishtv.in/channelguide/top-sports.aspx,193,735,26.26,1.42
dish tv set top box price,https://www.dishtv.in/pages/others/landing-pages/dth-hd-set-top-box-750-offer.aspx,192,4152,4.62,4.33
dth login,https://www.dishtv.in/pages/login.aspx,192,1262,15.21,2.07
www.dishtv in,https://www.dishtv.in/pages/login.aspx,192,306,62.75,1.00
dish tv channels,https://www.dishtv.in/channelguide/,191,1236,15.45,6.89
dish tv dealers near me,https://www.dishtv.in/dth-dealers.aspx,191,861,22.18,2.65
dish tv instant recharge,https://www.dishtv.in/pages/diy/recharge-now.aspx,191,2804,6.81,2.49
dish tv kannada channel number,https://www.dishtv.in/pages/others/lcn-update.aspx,191,2105,9.07,2.83
dish tv zing,https://www.dishtv.in/Pages/Others/landing-pages/zing-super-campaign.aspx,191,425,44.94,1.06
dishtv.in,https://www.dishtv.in/pages/Instant-Recharge-Payment.aspx,191,5694,3.35,1.00
dristv.com,https://www.dishtv.in/,190,526,36.12,1.01
wwwdishtv.com in,https://www.dishtv.in/pages/login.aspx,189,829,22.80,1.28
dish tv career,https://www.dishtv.in/Pages/Others/Dishtv-freelance-jobs.aspx,188,279,67.38,1.15
dishtv .in,https://www.dishtv.in/,188,487,38.60,1.00
my dish tv,https://www.dishtv.in/pages/sociallogin.aspx,188,10580,1.78,1.18
my dish tv login,https://www.dishtv.in/pages/welcome/jpmilesmember.aspx,188,2593,7.25,3.01
www. dishtv.in,https://www.dishtv.in/,188,708,26.55,1.00
dish tv recharge offer for 3 months,https://www.dishtv.in/pages/Instant-Recharge-Payment.aspx,187,371,50.40,1.00
dish tv work from home,https://www.dishtv.in/pages/others/dishtv-freelance-jobs.aspx,187,235,79.57,1.00
enter 10 channel on dish tv,https://www.dishtv.in/channelguide/,187,935,20.00,2.03
dishtv recharge plan,https://www.dishtv.in/pages/packs/single-channel-packages.aspx,186,3397,5.48,4.10
tv guide india,https://www.dishtv.in/channelguide/,185,1007,18.37,2.44
zing super dth,https://www.dishtv.in/pages/others/landing-pages/zing-super.connection.aspx,185,654,28.29,3.20
dish tv free,https://www.dishtv.in/pages/packs/basic-service-tier-packs.aspx,184,839,21.93,1.85
new dish tv connection,https://www.dishtv.in/pages/others/landing-pages/dth-hd-set-top-box-750-offer.aspx,184,2301,8.00,3.34
dish zing super fta box,https://www.dishtv.in/pages/others/landing-pages/zing-super.connection.aspx,183,443,41.31,3.54
instant recharge,https://www.dishtv.in/pages/Instant-Recharge-Payment.aspx,183,511,35.81,1.32
dish tv packages monthly,https://www.dishtv.in/pages/packs/dish-tv-combos.aspx,182,1616,11.26,3.21
dishtv channel guide,https://www.dishtv.in/channelguide/,182,235,77.45,2.02
www.dishtv.in login,https://www.dishtv.in/pages/map.aspx,181,7128,2.54,1.31
dish tv recharge price,https://www.dishtv.in/pages/packs/dish-tv-combos.aspx,180,527,34.16,1.13
star sports live,https://www.dishtv.in/channelguide/top-sports.aspx,180,8936,2.01,30.51
dish tv account,https://www.dishtv.in/pages/login.aspx,179,495,36.16,2.93
dish tv helpline number,https://www.dishtv.in/pages/contactus/contact-info.aspx,179,9251,1.93,3.14
dish tv customer care number odisha,https://www.dishtv.in/help/default.aspx,178,1383,12.87,1.74
dishtv.in register mobile number,https://www.dishtv.in/pages/diy/register-your-mobile.aspx,176,515,34.17,2.04
super zing box,https://www.dishtv.in/pages/others/landing-pages/zing-super.connection.aspx,176,767,22.95,4.38
dishtv customer care no,https://www.dishtv.in/pages/contactus/contact-info.aspx,175,7016,2.49,3.26
colors cineplex channel number on dish tv,https://www.dishtv.in/channelguide/,174,576,30.21,1.00
dishtv whatsapp number,https://www.dishtv.in/pages/contactus/contact-info.aspx,174,353,49.29,1.01
dish tv plan channel list,https://www.dishtv.in/pages/packs/single-channel-packages.aspx,173,471,36.73,1.02
setup box,https://www.dishtv.in/pages/welcome/products.aspx,173,12484,1.39,4.61
dish tv hd channel list,https://www.dishtv.in/channelguide/,172,1204,14.29,2.55
dish tv official website,https://www.dishtv.in/,172,556,30.94,1.08
dish tv sports 18 channel number,https://www.dishtv.in/channelguide/top-sports.aspx,172,2085,8.25,2.82
dish tv telugu pack,https://www.dishtv.in/pages/packs/dish-tv-combos.aspx,172,395,43.54,1.15
dish tv customer care number karnataka,https://www.dishtv.in/help/default.aspx,171,1083,15.79,1.02
dish tv dth plans,https://www.dishtv.in/pages/packs/dish-tv-combos.aspx,171,446,38.34,1.00
dishtv.in register mobile number,https://www.dishtv.in/Pages/RegisterUser.aspx,171,388,44.07,1.03
www.dishtv,https://www.dishtv.in/,171,590,28.98,1.02
dish tv channel guide,https://www.dishtv.in/channelguide/,170,783,21.71,9.64
dishtv.in recharge,https://www.dishtv.in/pages/diy/recharge-now.aspx,170,813,20.91,2.08
dish tv recharge plan for 1 year,https://www.dishtv.in/pages/packs/single-channel-packages.aspx,169,8430,2.00,5.25
www dishtv.in,https://www.dishtv.in/,169,620,27.26,1.00
zing dth,https://www.dishtv.in/Pages/Others/landing-pages/zing-super-campaign.aspx,169,730,23.15,3.36
dish tv recharge plan 1 month with channel list,https://www.dishtv.in/pages/packs/dish-tv-combos.aspx,168,3314,5.07,4.07
dish tv recharge plan 6 month tamil pack,https://www.dishtv.in/pages/packs/dish-tv-combos.aspx,168,403,41.69,1.04
dishtv recharge offer,https://www.dishtv.in/pages/packs/dish-tv-combos.aspx,168,589,28.52,2.04
free dish,https://www.dishtv.in/pages/packs/basic-service-tier-packs.aspx,168,18376,0.91,14.15
dish tv,https://www.dishtv.in/Pages/DIY/Referesh-Your-Account.aspx,167,27691,0.60,2.22
dish tv hd set top box,https://www.dishtv.in/pages/welcome/products.aspx,167,1233,13.54,1.03
dish tv in,https://www.dishtv.in/,167,439,38.04,1.01
dish tv india ltd,https://www.dishtv.in/,167,936,17.84,1.01
dish tv monthly pack price,https://www.dishtv.in/pages/packs/dish-tv-combos.aspx,167,539,30.98,1.42
dish tv star sports tamil channel number,https://www.dishtv.in/pages/others/lcn-update.aspx,167,424,39.39,1.25
dishtv offers,https://www.dishtv.in/pages/packs/dish-tv-combos.aspx,167,1270,13.15,2.57
recharge dishtv,https://www.dishtv.in/pages/Instant-Recharge-Payment.aspx,167,257,64.98,1.00
free dish customer care number,https://www.dishtv.in/help/default.aspx,166,1490,11.14,1.26
mydishtv,https://www.dishtv.in/pages/login.aspx,166,1091,15.22,1.80
dish tv aastha channel number,https://www.dishtv.in/channelguide/channel-guide.aspx,165,1108,14.89,3.00
dish tv customer,https://www.dishtv.in/help/default.aspx,165,1856,8.89,1.29
dish tv zing super,https://www.dishtv.in/pages/others/landing-pages/zing-super.connection.aspx,165,271,60.89,1.06
zing super dish tv,https://www.dishtv.in/Pages/Others/landing-pages/zing-super-campaign.aspx,165,517,31.91,1.05
dish tv customer care number mumbai,https://www.dishtv.in/pages/contactus/contact-info.aspx,164,1637,10.02,1.09
dish tv customer care number pune,https://www.dishtv.in/pages/contactus/contact-info.aspx,164,1378,11.90,1.02
dishtv packages,https://www.dishtv.in/pages/packs/dish-tv-combos.aspx,164,957,17.14,5.83
www.dishtv.in,https://www.dishtv.in/pages/map.aspx,164,6055,2.71,1.00
3 month dish tv recharge offer,https://www.dishtv.in/pages/Instant-Recharge-Payment.aspx,163,438,37.21,1.00
dish tv smart hub recharge plans,https://www.dishtv.in/pages/accessories/dishsmrt-hub.aspx,163,501,32.53,1.01
dish tv 1 year plan,https://www.dishtv.in/pages/packs/dish-tv-combos.aspx,162,521,31.09,1.02
dish tv pack price,https://www.dishtv.in/pages/packs/dish-tv-combos.aspx,162,609,26.60,1.54
dth channel list,https://www.dishtv.in/channelguide/,162,4385,3.69,4.72
dish tv channel number list,https://www.dishtv.in/App_Documents/Document/List-of-FTA.pdf,161,16436,0.98,7.08
dish tv offer recharge,https://www.dishtv.in/pages/packs/dish-tv-combos.aspx,161,369,43.63,1.56
dish tv.com,https://www.dishtv.in/,161,683,23.57,2.22
dishtv balance check,https://www.dishtv.in/pages/diy/know-your-acc-balance.aspx,161,224,71.88,1.01
dishtv online recharge,https://www.dishtv.in/pages/diy/recharge-now.aspx,161,700,23.00,2.09
online dish tv recharge,https://www.dishtv.in/pages/diy/recharge-now.aspx,161,1020,15.78,2.07
dish tv cartoon channel list,https://www.dishtv.in/Pages/Services/Cartoon-Network-Active-Services.aspx,160,548,29.20,1.73
dish tv kannada pack,https://www.dishtv.in/pages/packs/dish-tv-combos.aspx,160,446,35.87,1.71
dish tv monthly plan,https://www.dishtv.in/pages/packs/dish-tv-combos.aspx,160,476,33.61,1.03
dishtv plan,https://www.dishtv.in/pages/packs/dish-tv-combos.aspx,160,400,40.00,1.00
www.dishtv.com,https://www.dishtv.in/,160,862,18.56,1.17
dish tv recharge plan 3 month 2023,https://www.dishtv.in/pages/packs/dish-tv-combos.aspx,159,498,31.93,1.00
dish tv zing super fta box,https://www.dishtv.in/Pages/Others/landing-pages/zing-super-campaign.aspx,159,413,38.50,1.04
dish customer service,https://www.dishtv.in/help/default.aspx,158,684,23.10,2.64
dish tv 1 year plan channel list,https://www.dishtv.in/pages/packs/dish-tv-combos.aspx,158,3823,4.13,4.82
dish tv connection,https://www.dishtv.in/pages/others/landing-pages/dth-hd-set-top-box-750-offer.aspx,158,2353,6.71,3.30
dish tv part time job,https://www.dishtv.in/pages/career/jobdetails.aspx,158,2000,7.90,2.61
dish tv recharge plan 2024,https://www.dishtv.in/pages/packs/dish-tv-combos.aspx,158,283,55.83,1.30
dishtv remote,https://www.dishtv.in/pages/diy/remote-functionality.aspx,158,3356,4.71,3.84
dishtv work from home,https://www.dishtv.in/Pages/Others/Dishtv-freelance-jobs.aspx,158,190,83.16,1.00
dishtv star sports channel number,https://www.dishtv.in/channelguide/top-sports.aspx,157,1472,10.67,2.49
dish tv match channel number,https://www.dishtv.in/channelguide/top-sports.aspx,156,451,34.59,1.07
dish tv sun tv channel number,https://www.dishtv.in/pages/others/lcn-update.aspx,156,429,36.36,1.53
zing super fta box 4 year free,https://www.dishtv.in/Pages/Others/landing-pages/zing-super-campaign.aspx,156,4667,3.34,4.46
dish tv my account check,https://www.dishtv.in/pages/login.aspx,155,711,21.80,2.61
dishtv toll free number,https://www.dishtv.in/help/default.aspx,154,850,18.12,1.15
dish tv .in,https://www.dishtv.in/,153,430,35.58,1.00
dish tv customer number,https://www.dishtv.in/help/default.aspx,153,6502,2.35,1.14
dish tv maha manoranjan pack channel list,https://www.dishtv.in/pages/packs/single-channel-packages.aspx,153,390,39.23,1.01
dishtv part time job,https://www.dishtv.in/pages/career/jobdetails.aspx,153,1932,7.92,2.58
login dish tv,https://www.dishtv.in/pages/login.aspx,153,208,73.56,1.54
dish tv all channel list,https://www.dishtv.in/channelguide/,152,940,16.17,2.88
dish tv call me,https://www.dishtv.in/pages/contactus/contact-info.aspx,152,4600,3.30,3.10
dish tv career,https://www.dishtv.in/pages/career/jobdetails.aspx,152,456,33.33,2.55
dish tv sports pack,https://www.dishtv.in/pages/packs/single-channel-packages.aspx,152,458,33.19,4.59
dish tv customer care number telugu,https://www.dishtv.in/help/default.aspx,151,1470,10.27,2.92
dish tv monthly recharge,https://www.dishtv.in/pages/packs/dish-tv-combos.aspx,151,420,35.95,1.00
dishtv log in,https://www.dishtv.in/pages/login.aspx,151,201,75.12,1.14
how to register mobile number in dish tv by sms,https://www.dishtv.in/pages/diy/register-your-mobile.aspx,151,322,46.89,1.01
zing super set top box,https://www.dishtv.in/Pages/Others/landing-pages/zing-super-campaign.aspx,151,976,15.47,3.03
dish tv offer,https://www.dishtv.in/pages/offers/india-offers.aspx,150,5248,2.86,4.90
www dish tv,https://www.dishtv.in/pages/login.aspx,150,963,15.58,1.29
dishtvlogin,https://www.dishtv.in/pages/login.aspx,149,187,79.68,1.32
www dishtv in,https://www.dishtv.in/help/default.aspx,149,3593,4.15,1.00
dish tv account login,https://www.dishtv.in/pages/login.aspx,148,260,56.92,2.09
dish tv customer care number,https://www.dishtv.in/ta-in/pages/contactus/contact-info.aspx,148,12369,1.20,11.46
diah tv,https://www.dishtv.in/,147,442,33.26,1.63
dish tv plan change,https://www.dishtv.in/pages/map.aspx,147,478,30.75,1.11
dish tv recharge plans list,https://www.dishtv.in/pages/packs/dth-channels-add-on-packs.aspx,147,15274,0.96,10.46
dishtv channel add,https://www.dishtv.in/pages/packs/dth-channels-add-on-packs.aspx,147,308,47.73,1.01
zing digital login,https://www.dishtv.in/pages/sociallogin.aspx,147,300,49.00,2.01
zing dish tv channel list,https://www.dishtv.in/pages/others/landing-pages/zing-super.connection.aspx,147,3621,4.06,7.25
dish tv 6 month pack,https://www.dishtv.in/pages/packs/dish-tv-combos.aspx,146,383,38.12,1.01
how to recharge dish tv,https://www.dishtv.in/pages/Instant-Recharge-Payment.aspx,146,1164,12.54,2.73
my dishtv,https://www.dishtv.in/pages/welcome/jpmilesmember.aspx,146,1770,8.25,2.59
dish tv 9xm channel number,https://www.dishtv.in/channelguide/,145,489,29.65,2.17
dish tv zing box price,https://www.dishtv.in/pages/others/landing-pages/zing-super.connection.aspx,145,1079,13.44,8.00
dish tv free channel list,https://www.dishtv.in/pages/packs/basic-service-tier-packs.aspx,144,1757,8.20,5.08
dish tv mobile number change,https://www.dishtv.in/pages/diy/register-your-mobile.aspx,144,377,38.20,1.74
डिश टीवी कस्टमर केयर नंबर,https://www.dishtv.in/hi-in/help/,144,6703,2.15,3.62
dish,https://www.dishtv.in/pages/welcome/products.aspx,143,69930,0.20,1.67
dish tv sony wah channel number,https://www.dishtv.in/channelguide/,143,291,49.14,1.00
how can i call dish tv customer care?,https://www.dishtv.in/help/default.aspx,143,4196,3.41,1.04
dish tv,https://www.dishtv.in/pages/diy/recharge-now.aspx,142,2111,6.73,1.06
dish tv complaint email id,https://www.dishtv.in/pages/contactus/contact-info.aspx,142,306,46.41,1.14
distv login,https://www.dishtv.in/pages/login.aspx,142,171,83.04,1.02
dish tv recharge package,https://www.dishtv.in/pages/packs/dish-tv-combos.aspx,141,280,50.36,1.00
dish tv tamil pack,https://www.dishtv.in/pages/packs/dish-tv-combos.aspx,141,236,59.75,1.11
sony wah on dish tv,https://www.dishtv.in/channelguide/,141,341,41.35,1.01
dish nxt,https://www.dishtv.in/pages/product/dish-nxt-hd-premium.aspx,140,738,18.97,1.00
dishtv recharge,https://www.dishtv.in/pages/login.aspx,140,13983,1.00,8.46
dish,https://www.dishtv.in/pages/contactus/contact-info.aspx,139,30424,0.46,1.93
dish tv customer care number,https://www.dishtv.in/ml-in/pages/contactus/contact-info.aspx,139,9204,1.51,12.23
dish tv customer care number of twenty four hours,https://www.dishtv.in/pages/contactus/contact-info.aspx,139,2812,4.94,2.95
dishtv channel number,https://www.dishtv.in/channelguide/,139,619,22.46,1.91
dish tv app for ios,https://www.dishtv.in/quick-recharge-through-dishtv-app.aspx,138,265,52.08,1.14
dish tv call centre number,https://www.dishtv.in/help/default.aspx,138,1460,9.45,1.32
dish tv call me,https://www.dishtv.in/help/default.aspx,138,4508,3.06,3.67
dish tv ipl channel number hindi,https://www.dishtv.in/hi-in/channelguide/top-sports.aspx,138,725,19.03,1.95
dish tv pack,https://www.dishtv.in/pages/packs/single-channel-packages.aspx,138,1356,10.18,3.06
dth tv,https://www.dishtv.in/,138,1861,7.42,1.44
star sports 1 hindi live tv today match,https://www.dishtv.in/channelguide/top-sports.aspx,138,4000,3.45,11.97
www.dishtv.in login,https://www.dishtv.in/pages/contactus/contact-info.aspx,138,6164,2.24,1.17
dish tv,https://www.dishtv.in/pages/packs/dish-tv-combos.aspx,137,40716,0.34,6.37
dish tv 3 month recharge plan,https://www.dishtv.in/pages/packs/dish-tv-combos.aspx,137,235,58.30,1.00
www.dishtv.in com,https://www.dishtv.in/,137,611,22.42,1.00
www.dishtv.in help,https://www.dishtv.in/Pages/DIY/Referesh-Your-Account.aspx,137,4513,3.04,1.24
dish tv customer care,https://www.dishtv.in/hi-in/help/,136,17709,0.77,5.74
dish tv my account check,https://www.dishtv.in/pages/diy/know-your-acc-balance.aspx,136,486,27.98,2.06
dishtv recharge plans,https://www.dishtv.in/pages/Instant-Recharge-Payment.aspx,136,6151,2.21,5.72
dish tv 3 months recharge plan,https://www.dishtv.in/pages/packs/dish-tv-combos.aspx,135,361,37.40,1.75
dish tv d2h recharge,https://www.dishtv.in/pages/Instant-Recharge-Payment.aspx,135,271,49.82,1.01
dish tv make my pack,https://www.dishtv.in/pages/map.aspx,135,217,62.21,1.00
tv dish,https://www.dishtv.in/,135,3417,3.95,2.79
डिस टी वी,https://www.dishtv.in/hi-in/,135,943,14.32,1.00
dish tv channel list pdf,https://www.dishtv.in/App_Documents/Document/channel-list.pdf,134,838,15.99,2.30
dish tv kids pack,https://www.dishtv.in/pages/packs/dth-channels-add-on-packs.aspx,134,271,49.45,1.14
dish tv recharge offers 2024,https://www.dishtv.in/pages/packs/dish-tv-combos.aspx,134,271,49.45,1.16
dishtv work from home hiring for customer support role 2024 jobalerts4u,https://www.dishtv.in/pages/others/dishtv-freelance-jobs.aspx,134,1954,6.86,3.32
dish tv ipl channel no,https://www.dishtv.in/channelguide/top-sports.aspx,133,970,13.71,2.35
dishtv careers,https://www.dishtv.in/Pages/Others/Dishtv-freelance-jobs.aspx,133,206,64.56,1.55
dishtv customer care,https://www.dishtv.in/hi-in/pages/contactus/contact-info.aspx,133,29614,0.45,4.43
dish tv all recharge plan,https://www.dishtv.in/pages/packs/dish-tv-combos.aspx,132,226,58.41,1.00
dish tv recharge plan offer,https://www.dishtv.in/pages/packs/dish-tv-combos.aspx,132,214,61.68,1.00
zing dish tv price,https://www.dishtv.in/pages/others/landing-pages/zing-super.connection.aspx,132,2642,5.00,6.97
zing super box,https://www.dishtv.in/pages/others/landing-pages/zing-super.connection.aspx,132,841,15.70,5.29
dish tv career,https://www.dishtv.in/pages/others/dishtv-freelance-jobs.aspx,131,181,72.38,1.23
dishtv d2h recharge,https://www.dishtv.in/pages/Instant-Recharge-Payment.aspx,131,279,46.95,1.00
hungama channel number in dish tv,https://www.dishtv.in/App_Documents/Document/List-Of-Channels.pdf,131,532,24.62,2.47
www.dish tv login,https://www.dishtv.in/pages/login.aspx,131,183,71.58,1.08
zing fta,https://www.dishtv.in/pages/others/landing-pages/zing-super.connection.aspx,130,292,44.52,2.20
dish tv contact number,https://www.dishtv.in/pages/contactus/contact-info.aspx,129,5816,2.22,3.90
free channel dish tv,https://www.dishtv.in/pages/packs/basic-service-tier-packs.aspx,129,458,28.17,1.16
dish tv freelancer job,https://www.dishtv.in/Pages/Others/Dishtv-freelance-jobs.aspx,128,164,78.05,1.00
dish tv offers for old customers,https://www.dishtv.in/pages/packs/dish-tv-combos.aspx,128,313,40.89,5.50
dish tv plan list,https://www.dishtv.in/pages/packs/dish-tv-combos.aspx,128,375,34.13,1.02
dth customer care no,https://www.dishtv.in/help/default.aspx,128,1423,9.00,2.30
videocon d2h customer care,https://www.dishtv.in/help/default.aspx,128,1923,6.66,2.02
www.dishtv.in help,https://www.dishtv.in/pages/do-it-yourself-service.aspx,128,4570,2.80,1.22
aaj tak dish tv channel number,https://www.dishtv.in/channelguide/,127,399,31.83,1.24
dish tv channel list,https://www.dishtv.in/App_Documents/Document/List-of-FTA.pdf,127,16091,0.79,9.19
dish tv zing package details,https://www.dishtv.in/pages/others/landing-pages/zing-super.connection.aspx,127,828,15.34,3.60
dishtv recharge,https://www.dishtv.in/,127,15149,0.84,9.83
dth,https://www.dishtv.in/pages/welcome/products.aspx,127,45911,0.28,2.33
pogo dish tv channel number,https://www.dishtv.in/pages/others/lcn-update.aspx,127,331,38.37,1.02
dish tv customer care ka number,https://www.dishtv.in/help/default.aspx,126,1885,6.68,1.64
dish tv email id,https://www.dishtv.in/pages/contactus/contact-info.aspx,126,304,41.45,1.15
dish tv recharge plans list,https://www.dishtv.in/App_Documents/Document/Consolidated-DishTV-Recommended-Combos.pdf,126,11006,1.14,10.38
zing dish tv login,https://www.dishtv.in/pages/sociallogin.aspx,126,168,75.00,1.00
zing free dish,https://www.dishtv.in/pages/others/landing-pages/zing-super.connection.aspx,126,678,18.58,4.17
dish tv new connection without antenna,https://www.dishtv.in/pages/welcome/products.aspx,125,670,18.66,1.00
dish tv plans,https://www.dishtv.in/pages/services/all-in-one-active-pack.aspx,125,5954,2.10,6.08
dish tv set top box,https://www.dishtv.in/Pages/BuyChildConnection/Products.aspx,125,5908,2.12,4.39
dish tv smart plus,https://www.dishtv.in/pages/accessories/dishsmrt-hub.aspx,125,2225,5.62,3.42
dishtv recharge login,https://www.dishtv.in/pages/login.aspx,125,162,77.16,1.00
set top box price,https://www.dishtv.in/pages/welcome/products.aspx,125,9283,1.35,4.90
zink super,https://www.dishtv.in/pages/others/landing-pages/zing-super.connection.aspx,125,362,34.53,2.55
aastha channel on dish tv,https://www.dishtv.in/channelguide/channel-guide.aspx,124,500,24.80,1.81
dish tv ott plans,https://www.dishtv.in/pages/packs/all-in-one-packs.aspx,124,286,43.36,1.00
dish tv register mobile number change online,https://www.dishtv.in/pages/diy/register-your-mobile.aspx,124,340,36.47,1.24
tata dish tv customer care number,https://www.dishtv.in/help/default.aspx,124,1224,10.13,1.61
zing super fta box channel list pdf,https://www.dishtv.in/App_Documents/Document/List-of-bouquets-of-FTA.pdf,124,1311,9.46,6.10
dish tv channel list tamil,https://www.dishtv.in/pages/others/lcn-update.aspx,122,196,62.24,1.01
dishtv instant recharge,https://www.dishtv.in/pages/diy/recharge-now.aspx,122,1355,9.00,2.51
sports 18 channel number in dish tv,https://www.dishtv.in/channelguide/top-sports.aspx,122,2629,4.64,2.96
www.dish tv.in,https://www.dishtv.in/,122,585,20.85,1.02
dish tv minimum recharge,https://www.dishtv.in/pages/services/all-in-one-active-pack.aspx,121,943,12.83,3.09
dish tv.in,https://www.dishtv.in/pages/login.aspx,121,1593,7.60,1.00
dishtv tamil channel list,https://www.dishtv.in/pages/others/lcn-update.aspx,121,222,54.50,1.24
visit bit.ly/paylater,https://www.dishtv.in/pages/redeembonuspoint/bonuspoints.aspx,121,203,59.61,1.00
dish tv set top box replacement price,https://www.dishtv.in/Pages/Product/HD-upgrade.aspx,120,1474,8.14,3.14
dish tv customer care,https://www.dishtv.in/pages/diy/dealer.aspx,119,11405,1.04,6.62
dish tv login,https://www.dishtv.in/,119,4422,2.69,7.40
dth remote control online,https://www.dishtv.in/pages/offers/universal-remote.aspx,119,667,17.84,2.27
डीटीएच,https://www.dishtv.in/hi-in/,119,1434,8.30,1.76
dish tv channel recharge,https://www.dishtv.in/pages/packs/single-channel-packages.aspx,118,207,57.00,1.00
dish tv new connection,https://www.dishtv.in/hi-in/pages/welcome/products.aspx,118,6088,1.94,4.57
dish tv recharge 3 month plan,https://www.dishtv.in/pages/Instant-Recharge-Payment.aspx,118,251,47.01,1.13
pogo channel number in dish tv,https://www.dishtv.in/channelguide/,118,1796,6.57,3.05
zing super dish,https://www.dishtv.in/pages/others/landing-pages/zing-super.connection.aspx,118,432,27.31,2.21
dish tv package,https://www.dishtv.in/pages/packs/single-channel-packages.aspx,117,2539,4.61,5.05
dish tv recharge plan 3 month price,https://www.dishtv.in/pages/Instant-Recharge-Payment.aspx,117,539,21.71,1.45
airtel dish tv customer care number,https://www.dishtv.in/pages/contactus/contact-info.aspx,116,30991,0.37,9.95
dish nxt channel list,https://www.dishtv.in/channelguide/,116,1063,10.91,2.79
dish smart kit,https://www.dishtv.in/pages/accessories/dishsmrt-kit.aspx,116,270,42.96,1.69
dish tv dealer near me,https://www.dishtv.in/dth-dealers.aspx,116,558,20.79,2.14
dish tv offer 2024,https://www.dishtv.in/pages/packs/dish-tv-combos.aspx,116,377,30.77,1.20
dish tv recharge plan 2023,https://www.dishtv.in/pages/packs/dish-tv-combos.aspx,116,366,31.69,1.00
dishtv 3 months recharge offer,https://www.dishtv.in/pages/Instant-Recharge-Payment.aspx,116,228,50.88,1.00
zing box,https://www.dishtv.in/pages/others/landing-pages/zing-super.connection.aspx,116,642,18.07,5.26
cartoon channel on dish tv,https://www.dishtv.in/Pages/Services/Cartoon-Network-Active-Services.aspx,115,1626,7.07,2.98
dish smart plus,https://www.dishtv.in/pages/dishsmartplus-eligibility.aspx,115,194,59.28,1.55
dish tv complaint,https://www.dishtv.in/help/default.aspx,115,444,25.90,1.50
dish tv recharge list,https://www.dishtv.in/pages/packs/dish-tv-combos.aspx,115,221,52.04,1.00
dish zing,https://www.dishtv.in/pages/others/landing-pages/zing-super.connection.aspx,115,237,48.52,1.25
dish tv channel list,https://www.dishtv.in/pages/others/lcn-update.aspx,114,20315,0.56,7.61
dishtv call me,https://www.dishtv.in/Pages/DIY/Click-to-Call.aspx,114,273,41.76,1.20
dishtv.in,https://www.dishtv.in/pages/map.aspx,114,5368,2.12,1.00
watcho,https://www.dishtv.in/Pages/lets-watcho.aspx,114,52486,0.22,7.61
zing super fta,https://www.dishtv.in/Pages/Others/landing-pages/zing-super-campaign.aspx,114,292,39.04,1.29
dish refresh,https://www.dishtv.in/Pages/DIY/Referesh-Your-Account.aspx,113,149,75.84,1.06
dish tv customer care number mumbai,https://www.dishtv.in/help/default.aspx,113,1683,6.71,2.90
dish tv free cartoon channel number,https://www.dishtv.in/Pages/Services/Cartoon-Network-Active-Services.aspx,113,345,32.75,1.01
dish tv malayalam pack,https://www.dishtv.in/pages/packs/dish-tv-combos.aspx,113,246,45.93,1.57
dish tv reacharge,https://www.dishtv.in/pages/Instant-Recharge-Payment.aspx,113,183,61.75,1.01
dish tv set top box,https://www.dishtv.in/pages/others/landing-pages/dth-hd-set-top-box-750-offer.aspx,113,5725,1.97,6.73
watcho dish tv,https://www.dishtv.in/pages/services/watcho.aspx,113,412,27.43,1.39
www dish tv login,https://www.dishtv.in/pages/login.aspx,113,194,58.25,1.27
zing dish tv new connection,https://www.dishtv.in/pages/others/landing-pages/zing-super.connection.aspx,113,312,36.22,1.06
dd sports channel number in dish tv,https://www.dishtv.in/channelguide/top-sports.aspx,112,492,22.76,1.50
dish next recharge,https://www.dishtv.in/pages/Instant-Recharge-Payment.aspx,112,418,26.79,2.00
dish tv .com,https://www.dishtv.in/,112,289,38.75,1.32
dish tv complaint email id ceo,https://www.dishtv.in/Pages/ContactUs/Nodal-Officer.aspx,112,314,35.67,1.00
dish tv customer care number kerala,https://www.dishtv.in/pages/contactus/contact-info.aspx,112,773,14.49,1.13
dishtv.in app,https://www.dishtv.in/quick-recharge-through-dishtv-app.aspx,112,305,36.72,1.37
my dish tv customer care number,https://www.dishtv.in/help/default.aspx,112,819,13.68,1.46
dish tv complaint number,https://www.dishtv.in/pages/contactus/contact-info.aspx,111,3444,3.22,3.06
dish tv customer care number,https://www.dishtv.in/gu-in/pages/contactus/contact-info.aspx,111,22569,0.49,9.96
dish tv customer care number,https://www.dishtv.in/kn-in/pages/contactus/contact-info.aspx,111,17029,0.65,10.79
dish tv star sports kannada channel number,https://www.dishtv.in/pages/others/lcn-update.aspx,111,310,35.81,1.30
dishtv price,https://www.dishtv.in/pages/welcome/products.aspx,111,915,12.13,1.12
star sports 1,https://www.dishtv.in/channelguide/top-sports.aspx,111,8722,1.27,16.43
www.dish.com in,https://www.dishtv.in/pages/login.aspx,111,297,37.37,1.09
dish tv 6 month recharge plan,https://www.dishtv.in/pages/packs/dish-tv-combos.aspx,110,209,52.63,1.00
dish tv antenna price,https://www.dishtv.in/App_Documents/Document/Hardware-Charges-DishTV.pdf,110,1912,5.75,7.27
dish tv ipl channel,https://www.dishtv.in/channelguide/top-sports.aspx,110,945,11.64,2.67
dish tv monthly recharge plan,https://www.dishtv.in/pages/packs/dish-tv-combos.aspx,110,226,48.67,1.00
dish tv near me,https://www.dishtv.in/dth-dealers.aspx,110,2236,4.92,3.86
dish tv recharge status,https://www.dishtv.in/pages/diy/recharge-status-tracker.aspx,110,213,51.64,1.08
dishtv set top box,https://www.dishtv.in/pages/welcome/products.aspx,110,626,17.57,1.02
dish tv offer,https://www.dishtv.in/pages/others/landing-pages/dth-hd-set-top-box-750-offer.aspx,109,5266,2.07,5.85
dishtv refresh online,https://www.dishtv.in/Pages/DIY/Referesh-Your-Account.aspx,109,168,64.88,1.00
dishtv work from home,https://www.dishtv.in/pages/others/dishtv-freelance-jobs.aspx,109,135,80.74,1.07
work from home jobs,https://www.dishtv.in/Pages/Others/Dishtv-freelance-jobs.aspx,109,2292,4.76,57.56
www.mydish tv.com,https://www.dishtv.in/pages/login.aspx,109,258,42.25,1.91
dishtv. in,https://www.dishtv.in/pages/login.aspx,108,1442,7.49,1.00
www dishtv in,https://www.dishtv.in/pages/contactus/contact-info.aspx,108,3597,3.00,1.00
colors cineplex channel number in dish tv,https://www.dishtv.in/channelguide/,107,323,33.13,1.00
dish tv 3 pe 4 offer,https://www.dishtv.in/pages/packs/dish-tv-combos.aspx,107,344,31.10,1.96
dish tv smart,https://www.dishtv.in/pages/accessories/dishsmrt-hub.aspx,107,479,22.34,1.06
dishtv recharge plan for 1 month,https://www.dishtv.in/pages/services/all-in-one-active-pack.aspx,107,522,20.50,3.05
tata sky customer care number,https://www.dishtv.in/help/default.aspx,107,1974,5.42,2.17
www.dishtv.in login,https://www.dishtv.in/,107,3943,2.71,5.86
dish tv 1 year plan channel list,https://www.dishtv.in/App_Documents/Document/Consolidated-DishTV-Recommended-Combos.pdf,106,3800,2.79,5.01
dish tv customer care number pune,https://www.dishtv.in/help/default.aspx,106,1403,7.56,2.84
dish tv recharge plans telugu,https://www.dishtv.in/pages/packs/dish-tv-combos.aspx,106,231,45.89,1.01
dth plans,https://www.dishtv.in/pages/packs/dish-tv-combos.aspx,106,2982,3.55,6.51
free dish tv new connection,https://www.dishtv.in/pages/others/landing-pages/dth-hd-set-top-box-750-offer.aspx,106,630,16.83,2.11
free dth connection,https://www.dishtv.in/pages/others/landing-pages/dth-hd-set-top-box-750-offer.aspx,106,1888,5.61,5.57
new dth connection,https://www.dishtv.in/pages/welcome/products.aspx,106,2079,5.10,3.57
www dishtv in,https://www.dishtv.in/pages/Instant-Recharge-Payment.aspx,106,3680,2.88,1.00
www.dishtv .in,https://www.dishtv.in/,106,768,13.80,1.00
zing fta box,https://www.dishtv.in/Pages/Others/landing-pages/zing-super-campaign.aspx,106,532,19.92,3.32
डिश टीवी रिचार्ज,https://www.dishtv.in/pages/Instant-Recharge-Payment.aspx,106,614,17.26,1.01
9xm channel number on dish tv,https://www.dishtv.in/channelguide/,105,424,24.76,2.34
customer care number of dish tv,https://www.dishtv.in/help/default.aspx,105,1296,8.10,1.71
dish tv discovery channel number,https://www.dishtv.in/App_Documents/Document/channel-list.pdf,105,1620,6.48,4.43
dish tv new connection offer for 24 months,https://www.dishtv.in/pages/welcome/products.aspx,105,796,13.19,1.05
dish tv satellite name,https://www.dishtv.in/pages/aboutus/about-the-brand.aspx,105,1097,9.57,2.56
dishnxt hd,https://www.dishtv.in/pages/product/dish-nxt-hd-premium.aspx,105,390,26.92,1.00
dishtv pack,https://www.dishtv.in/pages/packs/dish-tv-combos.aspx,105,264,39.77,1.00
dishtv.in channel list,https://www.dishtv.in/channelguide/,105,223,47.09,1.00
www.dishtv recharge,https://www.dishtv.in/pages/diy/recharge-now.aspx,105,511,20.55,2.10
dish tv care,https://www.dishtv.in/help/default.aspx,104,430,24.19,1.60
dish tv office near me,https://www.dishtv.in/dth-dealers.aspx,104,1032,10.08,3.21
dish tv online,https://www.dishtv.in/,104,564,18.44,2.13
dish tv sports pack price list,https://www.dishtv.in/pages/packs/single-channel-packages.aspx,104,511,20.35,2.19
my dishtv app,https://www.dishtv.in/quick-recharge-through-dishtv-app.aspx,104,370,28.11,1.94
star sports dish tv channel number,https://www.dishtv.in/channelguide/top-sports.aspx,104,1373,7.57,2.72
www.dish tv.in,https://www.dishtv.in/pages/login.aspx,104,569,18.28,1.04
zing super 2 in 1,https://www.dishtv.in/pages/others/landing-pages/zing-super.connection.aspx,104,789,13.18,5.02
dish tv recharge packages,https://www.dishtv.in/pages/packs/dish-tv-combos.aspx,103,172,59.88,1.02
dish tv set top box replacement,https://www.dishtv.in/pages/upgrade/box-upgrade.aspx,103,280,36.79,1.00
ipl dish tv channel number,https://www.dishtv.in/channelguide/top-sports.aspx,103,1627,6.33,2.85
recharge dish tv plans,https://www.dishtv.in/pages/packs/dish-tv-combos.aspx,103,222,46.40,1.03
videocon dish tv customer care number,https://www.dishtv.in/pages/contactus/contact-info.aspx,103,1374,7.50,1.38
www.dishtv.in recharge,https://www.dishtv.in/pages/diy/recharge-now.aspx,103,753,13.68,2.64
zing dish tv free channel list pdf,https://www.dishtv.in/App_Documents/Document/channel-list.pdf,103,506,20.36,2.95
dish tv 4 year plan,https://www.dishtv.in/pages/others/landing-pages/zing-super.connection.aspx,102,273,37.36,3.33
dish tv customer care number,https://www.dishtv.in/te-in/pages/contactus/contact-info.aspx,102,33123,0.31,7.92
dish tv offers 3 months,https://www.dishtv.in/pages/Instant-Recharge-Payment.aspx,102,263,38.78,1.12
dish tv recharge,https://www.dishtv.in/pages/map.aspx,102,21934,0.47,10.54
dishtv customer care,https://www.dishtv.in/pages/diy/dealer.aspx,102,18450,0.55,6.64
sony entertainment television channel number on dish tv,https://www.dishtv.in/channelguide/,102,538,18.96,2.44
customer care dish tv,https://www.dishtv.in/help/default.aspx,101,2146,4.71,1.16
dish t v recharge,https://www.dishtv.in/pages/Instant-Recharge-Payment.aspx,101,260,38.85,1.00
dish tv plan,https://www.dishtv.in/pages/packs/single-channel-packages.aspx,101,3340,3.02,4.41
jio cinema channel number in dish tv,https://www.dishtv.in/App_Documents/Document/channel-list.pdf,101,372,27.15,1.06
zing super fta box recharge plan,https://www.dishtv.in/pages/packs/single-channel-packages.aspx,101,2183,4.63,5.42
abzy movies channel number in dish tv,https://www.dishtv.in/channelguide/,100,224,44.64,1.00
airtel tv customer care number,https://www.dishtv.in/help/default.aspx,100,1411,7.09,2.01
dish tv new connection offer for 6 months,https://www.dishtv.in/pages/welcome/products.aspx,100,2108,4.74,4.84
dish tv one year plan,https://www.dishtv.in/pages/packs/dish-tv-combos.aspx,100,332,30.12,1.01
dish tv payment,https://www.dishtv.in/pages/Instant-Recharge-Payment.aspx,100,357,28.01,4.60
dish tv smart set top box,https://www.dishtv.in/pages/accessories/dishsmrt-hub.aspx,100,341,29.33,1.00
dishtv careers,https://www.dishtv.in/pages/career/jobdetails.aspx,100,341,29.33,2.76
sony wah dish tv channel number,https://www.dishtv.in/channelguide/,100,209,47.85,1.02
www.dishtv.com,https://www.dishtv.in/pages/login.aspx,100,828,12.08,1.33
डिश टीवी कस्टमर केयर नंबर,https://www.dishtv.in/hi-in/pages/contactus/contact-info.aspx,100,7668,1.30,3.20
dish nxt hd,https://www.dishtv.in/pages/product/dish-nxt-hd-premium.aspx,99,454,21.81,1.00
dish tv channel add and remove,https://www.dishtv.in/pages/map.aspx,99,380,26.05,2.28
dish tv toll free number,https://www.dishtv.in/pages/contactus/contact-info.aspx,99,8469,1.17,3.90
lifetime free dish tv price,https://www.dishtv.in/pages/others/landing-pages/dth-hd-set-top-box-750-offer.aspx,99,3527,2.81,7.32
my dish tv channel list,https://www.dishtv.in/channelguide/,99,170,58.24,1.21
airtel digital tv customer care number,https://www.dishtv.in/help/default.aspx,98,1848,5.30,2.01
dish customer care number,https://www.dishtv.in/pages/contactus/contact-info.aspx,98,3136,3.12,3.35
hungama channel number in dish tv,https://www.dishtv.in/pages/others/lcn-update.aspx,98,532,18.42,2.81
zing super fta box price,https://www.dishtv.in/pages/others/landing-pages/zing-super.connection.aspx,98,7437,1.32,6.62
ज़िंग सुपर एफटीए बॉक्स,https://www.dishtv.in/pages/others/landing-pages/zing-super.connection.aspx,98,526,18.63,3.72
ডিস টিভি হেল্পলাইন নাম্বার,https://www.dishtv.in/bn-in/help/,98,624,15.71,1.01
9xm channel number in dish tv,https://www.dishtv.in/channelguide/,97,357,27.17,2.30
dish tv customer service,https://www.dishtv.in/pages/diy/dealer.aspx,97,5296,1.83,4.87
dish tv smart box,https://www.dishtv.in/pages/accessories/dishsmrt-hub.aspx,97,308,31.49,1.32
dishtv cartoon channel number,https://www.dishtv.in/Pages/Services/Cartoon-Network-Active-Services.aspx,97,934,10.39,2.70
dishtv freelancer,https://www.dishtv.in/Pages/Others/Dishtv-freelance-jobs.aspx,97,118,82.20,1.00
dishtv in,https://www.dishtv.in/pages/login.aspx,97,1302,7.45,1.00
dishtv monthly pack,https://www.dishtv.in/pages/packs/dish-tv-combos.aspx,97,265,36.60,1.00
sun dish tv customer care number,https://www.dishtv.in/pages/contactus/contact-info.aspx,97,1884,5.15,1.09
dish tv combo pack,https://www.dishtv.in/pages/packs/dish-tv-combos.aspx,96,222,43.24,1.00
dish tv complaint email id,https://www.dishtv.in/pages/emailus/email_existingcustmor.aspx,96,306,31.37,2.66
dish tv dth recharge,https://www.dishtv.in/pages/Instant-Recharge-Payment.aspx,96,254,37.80,1.01
dish tv free channel list,https://www.dishtv.in/App_Documents/Document/List-of-bouquets-of-FTA.pdf,96,1695,5.66,4.86
dish tv ka customer care number,https://www.dishtv.in/help/default.aspx,96,2386,4.02,2.42
dish tv smart hub exchange offer,https://www.dishtv.in/pages/accessories/dishsmrt-hub.aspx,96,474,20.25,1.38
dish tv star utsav movies channel number,https://www.dishtv.in/channelguide/,96,388,24.74,2.14
videocon customer care number,https://www.dishtv.in/help/default.aspx,96,2480,3.87,6.18
www.zingdigital.in login,https://www.dishtv.in/pages/sociallogin.aspx,96,407,23.59,2.03
dish tv best plan,https://www.dishtv.in/pages/packs/dish-tv-combos.aspx,95,295,32.20,1.01
dish tv customer care email id,https://www.dishtv.in/pages/emailus/email_existingcustmor.aspx,95,557,17.06,3.24
dish tv customer care number odisha,https://www.dishtv.in/pages/contactus/contact-info.aspx,95,1374,6.91,2.28
dish tv india limited,https://www.dishtv.in/,95,352,26.99,1.00
dish tv recharge plans telugu 6 months,https://www.dishtv.in/pages/packs/dish-tv-combos.aspx,95,851,11.16,3.26
dish tv sony channel number,https://www.dishtv.in/channelguide/,95,1564,6.07,2.11
dishtv official website,https://www.dishtv.in/,95,252,37.70,1.00
my dish tv account,https://www.dishtv.in/pages/login.aspx,95,268,35.45,3.13
my dish tv pack,https://www.dishtv.in/pages/map.aspx,95,293,32.42,1.07
www dish tv recharge,https://www.dishtv.in/pages/Instant-Recharge-Payment.aspx,95,234,40.60,1.00
डिश टीवी,https://www.dishtv.in/hi-in/pages/welcome/products.aspx,95,5225,1.82,1.28
channel list of dish tv,https://www.dishtv.in/channelguide/,94,322,29.19,2.86
dish tv aastha channel number,https://www.dishtv.in/bn-in/channelguide/channel-guide.aspx,94,387,24.29,2.10
dish tv balance check number,https://www.dishtv.in/pages/diy/know-your-acc-balance.aspx,94,748,12.57,3.16
dish tv channel list with package,https://www.dishtv.in/pages/packs/single-channel-packages.aspx,94,400,23.50,1.10
dish tv disney channel number,https://www.dishtv.in/channelguide/,94,533,17.64,3.91
dish tv fta pack channel list,https://www.dishtv.in/pages/packs/basic-service-tier-packs.aspx,94,233,40.34,1.07
dish tv ka recharge plan,https://www.dishtv.in/pages/packs/dish-tv-combos.aspx,94,260,36.15,1.04
dish tv monthly package,https://www.dishtv.in/pages/packs/dish-tv-combos.aspx,94,317,29.65,1.02
dish tv register mobile number change,https://www.dishtv.in/pages/diy/register-your-mobile.aspx,94,285,32.98,1.33
dish tv tamil channel number,https://www.dishtv.in/pages/others/lcn-update.aspx,94,198,47.47,1.00
dishtv package,https://www.dishtv.in/pages/packs/dish-tv-combos.aspx,94,309,30.42,1.15
dish tv ott,https://www.dishtv.in/pages/packs/all-in-one-packs.aspx,93,491,18.94,1.12
maha manoranjan pack dish tv,https://www.dishtv.in/pages/packs/single-channel-packages.aspx,93,303,30.69,1.31
sony yay dish tv channel number,https://www.dishtv.in/pages/others/lcn-update.aspx,93,327,28.44,2.18
9xm dish tv channel number,https://www.dishtv.in/channelguide/,92,244,37.70,1.66
dish tv channel number list pdf download,https://www.dishtv.in/App_Documents/Document/Channel-list-dishtv.pdf,92,3700,2.49,6.85
dish tv hd,https://www.dishtv.in/pages/welcome/products.aspx,92,850,10.82,1.37
dish tv hd pack,https://www.dishtv.in/pages/product/hd-add-on-pack-offer.aspx,92,403,22.83,1.00
dish tv hd set top box price,https://www.dishtv.in/pages/welcome/products.aspx,92,1383,6.65,2.34
dish tv kids channel number,https://www.dishtv.in/Pages/Services/Cartoon-Network-Active-Services.aspx,92,440,20.91,2.29
dish tv pogo channel number,https://www.dishtv.in/channelguide/,92,1266,7.27,3.08
dishtv recharge plan for 3 months,https://www.dishtv.in/pages/Instant-Recharge-Payment.aspx,92,159,57.86,1.18
dth new connection,https://www.dishtv.in/pages/others/landing-pages/dth-hd-set-top-box-750-offer.aspx,92,5531,1.66,10.12
my dish tv recharge,https://www.dishtv.in/pages/diy/recharge-now.aspx,92,861,10.69,2.11
news channel on dish tv,https://www.dishtv.in/channelguide/,92,282,32.62,1.88
online dishtv recharge,https://www.dishtv.in/pages/Instant-Recharge-Payment.aspx,92,163,56.44,1.01
star sports 4k channel number dish tv,https://www.dishtv.in/channelguide/top-sports.aspx,92,265,34.72,1.09
wwwdishtv.com in,https://www.dishtv.in/,92,829,11.10,1.48
dish nxt customer care number,https://www.dishtv.in/help/default.aspx,91,548,16.61,1.14
dish tv account refresh,https://www.dishtv.in/Pages/DIY/Referesh-Your-Account.aspx,91,157,57.96,1.00
dish tv complaint email id ceo,https://www.dishtv.in/pages/contactus/nodal-officer.aspx,91,233,39.06,1.41
dish tv id number check,https://www.dishtv.in/pages/diy/know-your-acc-balance.aspx,91,192,47.40,1.04
dish tv india,https://www.dishtv.in/pages/login.aspx,91,2671,3.41,1.01
dish tv recharge plan 100 rs,https://www.dishtv.in/pages/makemypack/my-budget.aspx,91,1849,4.92,3.78
dish tv sports channel,https://www.dishtv.in/channelguide/top-sports.aspx,91,382,23.82,1.41
dishrv,https://www.dishtv.in/,91,215,42.33,2.70
dishtv account,https://www.dishtv.in/pages/login.aspx,91,125,72.80,1.17
dishtv offer recharge,https://www.dishtv.in/pages/packs/dish-tv-combos.aspx,91,203,44.83,1.74
live dish tv channels free online,https://www.dishtv.in/channelguide/top-tv-shows.aspx,91,305,29.84,1.24
dish price,https://www.dishtv.in/pages/welcome/products.aspx,90,1799,5.00,1.83
dish tv channel finder,https://www.dishtv.in/channelguide/,90,102,88.24,1.22
dish tv customer number,https://www.dishtv.in/pages/contactus/contact-info.aspx,90,6681,1.35,3.04
dish tv heavy refresh,https://www.dishtv.in/Pages/DIY/Referesh-Your-Account.aspx,90,136,66.18,1.00
dish tv jobs,https://www.dishtv.in/Pages/Others/Dishtv-freelance-jobs.aspx,90,234,38.46,1.72
dish tv offer recharge,https://www.dishtv.in/pages/Instant-Recharge-Payment.aspx,90,369,24.39,2.34
dish tv.com login,https://www.dishtv.in/pages/login.aspx,90,134,67.16,1.66
dishtv recharge,https://www.dishtv.in/pages/ora-subscriptions.aspx,90,16418,0.55,6.12
how to register mobile number in dish tv,https://www.dishtv.in/pages/diy/register-your-mobile.aspx,90,284,31.69,1.50
ipl on dish tv,https://www.dishtv.in/channelguide/top-sports.aspx,90,1422,6.33,2.74
zing tv login,https://www.dishtv.in/pages/sociallogin.aspx,90,133,67.67,1.00
dish instant recharge,https://www.dishtv.in/pages/Instant-Recharge-Payment.aspx,89,104,85.58,1.00
dishtv app for iphone,https://www.dishtv.in/quick-recharge-through-dishtv-app.aspx,89,133,66.92,1.00
dth offers,https://www.dishtv.in/pages/packs/dish-tv-combos.aspx,89,3336,2.67,5.76
how can i contact dish tv customer care?,https://www.dishtv.in/help/default.aspx,89,1945,4.58,1.12
zee chitra mandir channel number on dish tv,https://www.dishtv.in/channelguide/,89,188,47.34,1.00
dish tv 3 months recharge plan,https://www.dishtv.in/pages/Instant-Recharge-Payment.aspx,88,361,24.38,2.29
dish tv customer care number hyderabad,https://www.dishtv.in/pages/contactus/contact-info.aspx,88,717,12.27,1.05
dish tv single channel recharge,https://www.dishtv.in/pages/packs/single-channel-packages.aspx,88,110,80.00,1.00
dish tv smart hub price,https://www.dishtv.in/pages/accessories/dishsmrt-hub.aspx,88,344,25.58,1.00
work from home jobs,https://www.dishtv.in/pages/others/dishtv-freelance-jobs.aspx,88,2412,3.65,57.70
zink super,https://www.dishtv.in/Pages/Others/landing-pages/zing-super-campaign.aspx,88,203,43.35,2.23
dish tv family pack channel list and price,https://www.dishtv.in/pages/packs/dish-tv-combos.aspx,87,2280,3.82,4.66
dish tv recharge plan tamil,https://www.dishtv.in/pages/packs/dish-tv-combos.aspx,87,163,53.37,1.07
dishtv website,https://www.dishtv.in/,87,259,33.59,1.03
sun direct customer care,https://www.dishtv.in/help/default.aspx,87,2037,4.27,2.67
dish t v,https://www.dishtv.in/,86,789,10.90,2.27
dish tv recharge plans,https://www.dishtv.in/pages/packs/single-channel-packages.aspx,86,1718,5.01,4.78
dishtv quick recharge,https://www.dishtv.in/pages/Instant-Recharge-Payment.aspx,86,103,83.50,1.01
distv,https://www.dishtv.in/pages/Instant-Recharge-Payment.aspx,86,3858,2.23,1.08
dth price,https://www.dishtv.in/pages/welcome/products.aspx,86,4846,1.77,4.09
www dishtv in,https://www.dishtv.in/pages/map.aspx,86,3589,2.40,1.00
डिश टीवी,https://www.dishtv.in/hi-in/pages/contactus/contact-info.aspx,86,4775,1.80,1.19
dish tv channel price,https://www.dishtv.in/pages/packs/single-channel-packages.aspx,85,202,42.08,1.07
dish tv job,https://www.dishtv.in/pages/others/dishtv-freelance-jobs.aspx,85,135,62.96,1.00
dish tv validity check,https://www.dishtv.in/pages/diy/know-your-acc-balance.aspx,85,125,68.00,1.02
dishtv. in login,https://www.dishtv.in/pages/login.aspx,85,112,75.89,1.00
&xplor hd on dish tv,https://www.dishtv.in/channelguide/,84,278,30.22,1.01
dish tv cartoon pack channel list,https://www.dishtv.in/pages/packs/dth-channels-add-on-packs.aspx,84,231,36.36,1.01
dish tv channel number list,https://www.dishtv.in/App_Documents/Document/List-Of-Channels.pdf,84,14730,0.57,8.59
dish tv customer care phone number,https://www.dishtv.in/help/default.aspx,84,1089,7.71,1.25
dish tv jobs,https://www.dishtv.in/pages/others/dishtv-freelance-jobs.aspx,84,164,51.22,1.63
dish tv recharge online,https://www.dishtv.in/hi-in/pages/Instant-Recharge-Payment.aspx,84,3714,2.26,4.60
dish tv telugu channel number,https://www.dishtv.in/App_Documents/Document/channel-list.pdf,84,1523,5.52,4.93
dishtv app,https://www.dishtv.in/pages/login.aspx,84,786,10.69,3.55
dishtv.com,https://www.dishtv.in/pages/login.aspx,84,1963,4.28,2.81
how to change registered mobile number in dish tv through sms,https://www.dishtv.in/pages/diy/register-your-mobile.aspx,84,197,42.64,1.04
zing dish tv free channel list,https://www.dishtv.in/pages/others/landing-pages/zing-super.connection.aspx,84,1555,5.40,5.32
zing supar,https://www.dishtv.in/pages/others/landing-pages/zing-super.connection.aspx,84,240,35.00,1.78
zing super dth,https://www.dishtv.in/Pages/Others/landing-pages/zing-super-campaign.aspx,84,266,31.58,1.09
dish tv customer care no,https://www.dishtv.in/pages/diy/dealer.aspx,83,12125,0.68,5.91
dish tv customer care number hyderabad,https://www.dishtv.in/help/default.aspx,83,726,11.43,2.81
dish tv original remote,https://www.dishtv.in/pages/offers/universal-remote.aspx,83,246,33.74,1.00
dishtv email id,https://www.dishtv.in/pages/contactus/contact-info.aspx,83,174,47.70,1.09
dishtv my account,https://www.dishtv.in/pages/login.aspx,83,215,38.60,1.39
dishtv recharge plan,https://www.dishtv.in/pages/Instant-Recharge-Payment.aspx,83,3243,2.56,5.91
dishtv zing super fta box,https://www.dishtv.in/pages/others/landing-pages/zing-super.connection.aspx,83,174,47.70,1.17
dth connection,https://www.dishtv.in/ta-in/Pages/BuyChildConnection/Products.aspx,83,2099,3.95,2.13
psl live channel dish tv,https://www.dishtv.in/channelguide/top-sports.aspx,83,489,16.97,2.71
zing dish,https://www.dishtv.in/Pages/Others/landing-pages/zing-super-campaign.aspx,83,283,29.33,1.39
dish tv customer care no,https://www.dishtv.in/hi-in/pages/contactus/contact-info.aspx,82,19196,0.43,4.87
dish tv customer care number bhubaneswar,https://www.dishtv.in/pages/contactus/contact-info.aspx,82,513,15.98,1.02
dish tv remote control online,https://www.dishtv.in/pages/offers/universal-remote.aspx,82,278,29.50,1.59
dishnxt,https://www.dishtv.in/pages/product/dish-nxt-hd-premium.aspx,82,440,18.64,1.01
disttv,https://www.dishtv.in/,82,195,42.05,1.14
d2h customer care,https://www.dishtv.in/help/default.aspx,81,1273,6.36,3.26
dish tv 4k set top box,https://www.dishtv.in/pages/accessories/dishsmrt-hub.aspx,81,256,31.64,1.04
dish tv app for iphone,https://www.dishtv.in/quick-recharge-through-dishtv-app.aspx,81,169,47.93,1.76
dish tv customer care number delhi,https://www.dishtv.in/pages/contactus/contact-info.aspx,81,1826,4.44,2.83
dish tv job,https://www.dishtv.in/Pages/Others/Dishtv-freelance-jobs.aspx,81,143,56.64,1.77
dish tv sanskar channel number,https://www.dishtv.in/channelguide/,81,238,34.03,1.02
dish tv vc number,https://www.dishtv.in/Pages/Welcome/Thanks.aspx,81,424,19.10,1.68
dish tv zing super fta hd box price,https://www.dishtv.in/pages/others/landing-pages/zing-super.connection.aspx,81,494,16.40,5.69
dishtv jobs,https://www.dishtv.in/pages/others/dishtv-freelance-jobs.aspx,81,119,68.07,1.10
dishtv set top box price,https://www.dishtv.in/pages/welcome/products.aspx,81,1026,7.89,2.33
what is dth customer number?,https://www.dishtv.in/help/default.aspx,81,815,9.94,2.16
zing super fta box hd,https://www.dishtv.in/Pages/Others/landing-pages/zing-super-campaign.aspx,81,692,11.71,5.70
dish smart hub recharge plans,https://www.dishtv.in/pages/accessories/dishsmrt-hub.aspx,80,182,43.96,1.02
dish smart stick,https://www.dishtv.in/pages/accessories/dishsmrt-stick.aspx,80,177,45.20,1.00
dish tv customer care number delhi,https://www.dishtv.in/help/default.aspx,80,1850,4.32,3.28
dish tv login,https://www.dishtv.in/mr-in/pages/login.aspx,80,21936,0.36,4.80
dish tv recharge plan 3 month for 1 year,https://www.dishtv.in/pages/packs/dish-tv-combos.aspx,80,322,24.84,1.00
dishtv careers,https://www.dishtv.in/pages/others/dishtv-freelance-jobs.aspx,80,141,56.74,1.44
dishtv channel selection,https://www.dishtv.in/pages/packs/single-channel-packages.aspx,80,430,18.60,2.01
dishtv.in,https://www.dishtv.in/pages/contactus/contact-info.aspx,80,5817,1.38,1.01
dth customer care number,https://www.dishtv.in/pages/contactus/contact-info.aspx,80,19739,0.41,5.26
mera apna pack,https://www.dishtv.in/pages/map.aspx,80,103,77.67,1.00
zing super fta box channel list in hindi,https://www.dishtv.in/pages/others/landing-pages/zing-super.connection.aspx,80,675,11.85,4.62
bit.ly/paylater,https://www.dishtv.in/pages/redeembonuspoint/bonuspoints.aspx,79,125,63.20,1.00
dish tv rechage,https://www.dishtv.in/pages/Instant-Recharge-Payment.aspx,79,107,73.83,1.00
dish tv recharge plan 1 month,https://www.dishtv.in/pages/packs/single-channel-packages.aspx,79,7286,1.08,10.43
dish tv recharge plan list,https://www.dishtv.in/pages/packs/dish-tv-combos.aspx,79,169,46.75,1.00
dish tv sony liv channel number,https://www.dishtv.in/channelguide/,79,1044,7.57,3.09
dish tv all channel list,https://www.dishtv.in/App_Documents/Document/channel-list.pdf,78,926,8.42,4.58
dish tv free channel list pdf,https://www.dishtv.in/App_Documents/Document/List-Of-Channels.pdf,78,134,58.21,1.00
dish tv nxt recharge plans,https://www.dishtv.in/pages/packs/dish-tv-combos.aspx,78,134,58.21,1.00
dish tv schedule,https://www.dishtv.in/channelguide/,78,698,11.17,9.80
dish tv set top box recharge plans,https://www.dishtv.in/pages/packs/dish-tv-combos.aspx,78,142,54.93,1.01
dish tv smart kit,https://www.dishtv.in/pages/accessories/dishsmrt-kit.aspx,78,253,30.83,1.28
dish tv zing fta box,https://www.dishtv.in/pages/others/landing-pages/zing-super.connection.aspx,78,143,54.55,1.01
how to know my dish tv register mobile number,https://www.dishtv.in/pages/diy/register-your-mobile.aspx,78,168,46.43,1.04
masti channel number on dish tv,https://www.dishtv.in/channelguide/,78,503,15.51,2.99
refresh dishtv,https://www.dishtv.in/Pages/DIY/Referesh-Your-Account.aspx,78,110,70.91,1.00
aastha channel number on dish tv,https://www.dishtv.in/channelguide/channel-guide.aspx,77,400,19.25,2.13
build your own pack dish tv,https://www.dishtv.in/pages/map.aspx,77,87,88.51,1.02
cheapest dish tv,https://www.dishtv.in/pages/services/all-in-one-active-pack.aspx,77,357,21.57,1.20
customer care number dish tv,https://www.dishtv.in/help/default.aspx,77,1785,4.31,1.42
dish tv 6 months plan,https://www.dishtv.in/pages/packs/dish-tv-combos.aspx,77,163,47.24,1.00
dish tv chintu tv number,https://www.dishtv.in/pages/others/lcn-update.aspx,77,218,35.32,1.00
dish tv news channel number aaj tak,https://www.dishtv.in/channelguide/,77,1284,6.00,2.88
dish tv recharge pack channel list,https://www.dishtv.in/pages/packs/single-channel-packages.aspx,77,130,59.23,1.02
dish tv smart stick,https://www.dishtv.in/pages/accessories/dishsmrt-stick.aspx,77,175,44.00,1.00
dishtv 3 pe 4 offer,https://www.dishtv.in/pages/packs/dish-tv-combos.aspx,77,207,37.20,1.65
dishtv monthly recharge,https://www.dishtv.in/pages/packs/dish-tv-combos.aspx,77,152,50.66,1.00
my dish tv app download,https://www.dishtv.in/quick-recharge-through-dishtv-app.aspx,77,441,17.46,2.04
zee action channel number in dish tv,https://www.dishtv.in/channelguide/,77,138,55.80,1.02
zing dish tv,https://www.dishtv.in/pages/sociallogin.aspx,77,6126,1.26,11.31
dd national on dish tv,https://www.dishtv.in/pages/others/lcn-update.aspx,76,326,23.31,1.02
desh tv,https://www.dishtv.in/,76,615,12.36,5.06
dish tv aastha channel number,https://www.dishtv.in/pages/others/lcn-update.aspx,76,1463,5.19,4.05
dish tv website login,https://www.dishtv.in/pages/login.aspx,76,120,63.33,1.07
dishtv customer care,https://www.dishtv.in/hi-in/help/,76,22890,0.33,5.81
dishtv email id for complaint,https://www.dishtv.in/pages/contactus/contact-info.aspx,76,186,40.86,1.12
dishtv packs,https://www.dishtv.in/pages/packs/single-channel-packages.aspx,76,722,10.53,2.89
dth dish tv recharge plan,https://www.dishtv.in/pages/packs/dish-tv-combos.aspx,76,150,50.67,1.01
hollywood movie channel in hindi dish tv,https://www.dishtv.in/pages/services/hollywood-indie-active-services.aspx,76,174,43.68,1.13
jiocinema channel number in dish tv,https://www.dishtv.in/App_Documents/Document/channel-list.pdf,76,242,31.40,1.04
star utsav movies dish tv channel number,https://www.dishtv.in/channelguide/,76,598,12.71,2.91
www.dishtv.com channel select,https://www.dishtv.in/pages/map.aspx,76,308,24.68,1.07
dish tv channel number list 2023,https://www.dishtv.in/channelguide/,75,1719,4.36,3.92
dish tv customer care number kannada,https://www.dishtv.in/help/default.aspx,75,597,12.56,1.07
dish tv installation,https://www.dishtv.in/pages/services/shifting-home.aspx,75,1035,7.25,2.04
dish tv malayalam channel number,https://www.dishtv.in/pages/others/lcn-update.aspx,75,686,10.93,2.94
dish tv marathi pack,https://www.dishtv.in/mr-in/pages/packs/single-channel-packages.aspx,75,285,26.32,2.32
dish tv my pack,https://www.dishtv.in/pages/map.aspx,75,123,60.98,1.03
dish tv offers,https://www.dishtv.in/pages/offers/india-offers.aspx,75,1858,4.04,4.42
dish tv recharge check,https://www.dishtv.in/pages/diy/recharge-status-tracker.aspx,75,115,65.22,1.03
dish tv remote price,https://www.dishtv.in/pages/offers/universal-remote.aspx,75,1514,4.95,2.64
dish tv zing super fta box channel list,https://www.dishtv.in/pages/packs/single-channel-packages.aspx,75,512,14.65,4.09
dishtv channel list pdf,https://www.dishtv.in/App_Documents/Document/List-Of-Channels.pdf,75,113,66.37,1.04
dishtv login india,https://www.dishtv.in/pages/login.aspx,75,93,80.65,1.00
https //www.dishtv.in login,https://www.dishtv.in/pages/login.aspx,75,112,66.96,1.00
instant dishtv recharge,https://www.dishtv.in/pages/Instant-Recharge-Payment.aspx,75,92,81.52,1.00
visit dishtv.in,https://www.dishtv.in/pages/login.aspx,75,259,28.96,1.00
zinc dish tv,https://www.dishtv.in/pages/others/landing-pages/zing-super.connection.aspx,75,259,28.96,1.43
cine and bollywood active vas combo,https://www.dishtv.in/Pages/Services/Cine-Active-Service.aspx,74,138,53.62,1.14
dish tv fta channel list,https://www.dishtv.in/App_Documents/Document/List-of-bouquets-of-FTA.pdf,74,146,50.68,1.02
dish tv offer,https://www.dishtv.in/pages/Instant-Recharge-Payment.aspx,74,5204,1.42,7.47
dish tv plans telugu,https://www.dishtv.in/pages/packs/dish-tv-combos.aspx,74,130,56.92,1.02
dish tv recharge plan 1 month with channel list,https://www.dishtv.in/pages/packs/single-channel-packages.aspx,74,3228,2.29,5.97
dish tv recharge plan 2024 list,https://www.dishtv.in/pages/packs/dish-tv-combos.aspx,74,291,25.43,2.93
dish tv tamil recharge plan,https://www.dishtv.in/pages/packs/dish-tv-combos.aspx,74,129,57.36,1.09
dish tv utsav pack 699 channel list,https://www.dishtv.in/pages/packs/single-channel-packages.aspx,74,228,32.46,1.05
dish tv zing super fta box customer care number,https://www.dishtv.in/help/default.aspx,74,369,20.05,1.04
dishtv hd recharge plan,https://www.dishtv.in/pages/packs/dish-tv-combos.aspx,74,118,62.71,1.03
dishyv,https://www.dishtv.in/,74,142,52.11,2.08
dth recharge online,https://www.dishtv.in/pages/Instant-Recharge-Payment.aspx,74,905,8.18,3.01
jiocinema dish tv channel number,https://www.dishtv.in/App_Documents/Document/channel-list.pdf,74,279,26.52,1.04
ww.dish tv,https://www.dishtv.in/,74,167,44.31,1.02
डिश टीवी रिचार्ज प्लान,https://www.dishtv.in/hi-in/pages/services/all-in-one-active-pack.aspx,74,678,10.91,2.00
colours cineplex channel number on dish tv,https://www.dishtv.in/channelguide/,73,215,33.95,1.01
dish tv budget pack channel list,https://www.dishtv.in/pages/makemypack/my-budget.aspx,73,156,46.79,1.04
dish tv discovery channel number,https://www.dishtv.in/channelguide/,73,1616,4.52,4.15
dish tv login with mobile number,https://www.dishtv.in/pages/login.aspx,73,91,80.22,1.00
dish tv price list,https://www.dishtv.in/pages/packs/dish-tv-combos.aspx,73,2009,3.63,3.89
dish tv recharge customer care number,https://www.dishtv.in/help/default.aspx,73,661,11.04,1.70
dish tv recharge offer for 12 months,https://www.dishtv.in/pages/Instant-Recharge-Payment.aspx,73,824,8.86,3.03
dish tv recharge plan for 3 months price,https://www.dishtv.in/pages/Instant-Recharge-Payment.aspx,73,204,35.78,1.06
dishtv plan change,https://www.dishtv.in/pages/map.aspx,73,176,41.48,1.17
dishtv recharge pack,https://www.dishtv.in/pages/packs/dish-tv-combos.aspx,73,113,64.60,1.00
set up box,https://www.dishtv.in/pages/welcome/products.aspx,73,5133,1.42,5.71
tv connection,https://www.dishtv.in/pages/welcome/products.aspx,73,1878,3.89,5.25
tv recharge plan,https://www.dishtv.in/pages/packs/dish-tv-combos.aspx,73,1797,4.06,4.05
zing dish tv channel list with price,https://www.dishtv.in/pages/packs/single-channel-packages.aspx,73,1412,5.17,4.45
जिंग सुपर,https://www.dishtv.in/pages/others/landing-pages/zing-super.connection.aspx,73,270,27.04,1.63
aaj tak on dish tv,https://www.dishtv.in/channelguide/,72,298,24.16,1.49
dish tv channel list,https://www.dishtv.in/App_Documents/Document/List-Of-Channels.pdf,72,10025,0.72,10.47
dish tv mera apna pack,https://www.dishtv.in/pages/map.aspx,72,107,67.29,1.26
dish tv plan change,https://www.dishtv.in/pages/diy/upgrade-your-pack.aspx,72,479,15.03,2.89
dish tv plan check,https://www.dishtv.in/pages/diy/know-your-acc-balance.aspx,72,151,47.68,1.05
dish tv zing super fta box price,https://www.dishtv.in/pages/others/landing-pages/zing-super.connection.aspx,72,358,20.11,7.62
dth airtel customer care number,https://www.dishtv.in/help/default.aspx,72,677,10.64,2.08
tv channel,https://www.dishtv.in/channelguide/,72,6509,1.11,15.44
www.dishtv.in,https://www.dishtv.in/pages/welcome/jpmilesmember.aspx,72,2959,2.43,1.01
zinc super dth,https://www.dishtv.in/pages/others/landing-pages/zing-super.connection.aspx,72,375,19.20,3.23
dish next,https://www.dishtv.in/pages/product/dish-nxt-hd-premium.aspx,71,319,22.26,1.02
dish tv edit pack,https://www.dishtv.in/pages/map.aspx,71,159,44.65,1.67
dish tv goldmines channel number,https://www.dishtv.in/channelguide/,71,174,40.80,1.00
dish tv login,https://www.dishtv.in/te-in/pages/sociallogin.aspx,71,1609,4.41,3.23
dish tv recharge offer plan,https://www.dishtv.in/pages/packs/dish-tv-combos.aspx,71,133,53.38,1.00
dish tv recharge plan for 1 year,https://www.dishtv.in/pages/services/all-in-one-active-pack.aspx,71,4983,1.42,9.77
dishtv offers for 3 months,https://www.dishtv.in/pages/Instant-Recharge-Payment.aspx,71,151,47.02,1.01
dishtvrecharge,https://www.dishtv.in/pages/Instant-Recharge-Payment.aspx,71,94,75.53,1.00
